product_id,category,price,total_interactions,num_users,avg_rating,rating_count,count_click,count_purchase,count_view,count_wishlist,purchase_rate,ctr,wishlist_rate,price_tier,popularity_score,quality_score
1,Sports,337.23076314433195,6,6,3.3333333333333335,6,1,2,3,0,0.3333333333333333,0.3333333333333333,0.0,medium,0.3,0.6666666666666667
2,Sports,497.01891234586105,8,8,3.75,8,1,1,5,1,0.125,0.2,0.2,high,0.4,0.75
3,Sports,478.5317561170632,7,7,4.142857142857143,7,2,3,2,0,0.42857142857142855,1.0,0.0,high,0.35,0.8285714285714286
4,Clothing,431.1483767009388,11,11,3.6363636363636362,11,0,2,8,1,0.18181818181818182,0.0,0.125,high,0.55,0.7272727272727273
5,Home,394.1960875556461,8,8,3.875,8,1,0,6,1,0.0,0.16666666666666666,0.16666666666666666,high,0.4,0.775
6,Electronics,402.7002720121715,10,10,3.9,10,2,2,5,1,0.2,0.4,0.2,high,0.5,0.78
7,Clothing,443.41805608859454,6,6,3.6666666666666665,6,2,2,2,0,0.3333333333333333,1.0,0.0,high,0.3,0.7333333333333333
8,Electronics,227.59284724473625,12,12,3.6666666666666665,12,3,0,8,1,0.0,0.375,0.125,medium,0.6,0.7333333333333333
9,Books,166.20945449081518,10,10,4.0,10,5,0,4,1,0.0,1.25,0.25,low,0.5,0.8
10,Books,274.1128294782984,8,8,4.0,8,3,2,0,3,0.25,0.0,0.0,medium,0.4,0.8
11,Books,376.7653470869992,13,13,3.923076923076923,13,4,0,7,2,0.0,0.5714285714285714,0.2857142857142857,high,0.65,0.7846153846153846
12,Clothing,315.0655244949593,13,13,3.8461538461538463,13,1,4,7,1,0.3076923076923077,0.14285714285714285,0.14285714285714285,medium,0.65,0.7692307692307693
13,Clothing,450.0114064398822,11,11,3.6363636363636362,11,3,1,5,2,0.09090909090909091,0.6,0.4,high,0.55,0.7272727272727273
14,Books,38.95740838860061,7,7,3.857142857142857,7,0,0,4,3,0.0,0.0,0.75,low,0.35,0.7714285714285715
15,Home,92.80778338736609,12,12,3.3333333333333335,12,2,1,9,0,0.08333333333333333,0.2222222222222222,0.0,low,0.6,0.6666666666666667
16,Books,309.71708932396564,9,9,3.7777777777777777,9,1,4,3,1,0.4444444444444444,0.3333333333333333,0.3333333333333333,medium,0.45,0.7555555555555555
17,Books,66.76813473235413,11,11,3.727272727272727,11,0,1,9,1,0.09090909090909091,0.0,0.1111111111111111,low,0.55,0.7454545454545454
18,Home,50.47038807085291,12,12,3.8333333333333335,12,3,0,8,1,0.0,0.375,0.125,low,0.6,0.7666666666666667
19,Home,488.7167500479522,7,7,3.857142857142857,7,2,1,2,2,0.14285714285714285,1.0,1.0,high,0.35,0.7714285714285715
20,Books,49.32025399586421,9,9,3.2222222222222223,9,1,2,5,1,0.2222222222222222,0.2,0.2,low,0.45,0.6444444444444445
21,Electronics,251.97641464361052,10,10,3.5,10,3,2,4,1,0.2,0.75,0.25,medium,0.5,0.7
22,Sports,303.4832198117095,11,11,4.2727272727272725,11,2,3,5,1,0.2727272727272727,0.4,0.2,medium,0.55,0.8545454545454545
23,Electronics,103.78698720855338,11,11,4.2727272727272725,11,3,3,5,0,0.2727272727272727,0.6,0.0,low,0.55,0.8545454545454545
24,Home,271.4418271573659,12,12,4.0,12,1,1,8,2,0.08333333333333333,0.125,0.25,medium,0.6,0.8
25,Clothing,332.1552049605158,10,10,4.2,10,2,2,6,0,0.2,0.3333333333333333,0.0,medium,0.5,0.8400000000000001
26,Electronics,126.08384931219804,8,8,4.25,8,3,0,3,2,0.0,1.0,0.6666666666666666,low,0.4,0.85
27,Electronics,125.78160037346856,13,13,3.769230769230769,13,0,4,9,0,0.3076923076923077,0.0,0.0,low,0.65,0.7538461538461538
28,Clothing,323.17209859731526,9,9,4.111111111111111,9,0,3,5,1,0.3333333333333333,0.0,0.2,medium,0.45,0.8222222222222222
29,Home,183.7118271339052,13,13,3.8461538461538463,13,1,5,7,0,0.38461538461538464,0.14285714285714285,0.0,low,0.65,0.7692307692307693
30,Home,83.6065649604805,11,11,3.4545454545454546,11,5,2,3,1,0.18181818181818182,1.6666666666666667,0.3333333333333333,low,0.55,0.6909090909090909
31,Clothing,211.126671430186,8,8,4.0,8,4,0,3,1,0.0,1.3333333333333333,0.3333333333333333,medium,0.4,0.8
32,Electronics,409.79927170567936,17,17,3.7058823529411766,17,3,4,10,0,0.23529411764705882,0.3,0.0,high,0.85,0.7411764705882353
33,Books,218.9099794829237,8,8,4.0,8,2,2,3,1,0.25,0.6666666666666666,0.3333333333333333,medium,0.4,0.8
34,Clothing,393.9309647771738,9,9,3.111111111111111,9,3,1,5,0,0.1111111111111111,0.6,0.0,high,0.45,0.6222222222222222
35,Home,384.746544529055,9,9,4.333333333333333,9,3,1,3,2,0.1111111111111111,1.0,0.6666666666666666,high,0.45,0.8666666666666666
36,Home,327.4713102319883,7,7,4.0,7,2,0,3,2,0.0,0.6666666666666666,0.6666666666666666,medium,0.35,0.8
37,Home,135.53959577348397,10,10,4.7,10,3,1,5,1,0.1,0.6,0.2,low,0.5,0.9400000000000001
38,Books,255.40945660752703,10,10,3.3,10,2,2,5,1,0.2,0.4,0.2,medium,0.5,0.6599999999999999
39,Clothing,38.4626599358847,14,14,3.7142857142857144,14,4,5,3,2,0.35714285714285715,1.3333333333333333,0.6666666666666666,low,0.7,0.7428571428571429
40,Clothing,186.61434607839212,8,8,3.625,8,0,0,6,2,0.0,0.0,0.3333333333333333,low,0.4,0.725
41,Clothing,48.78437103613506,15,15,3.6,15,5,0,8,2,0.0,0.625,0.25,low,0.75,0.72
42,Clothing,156.04367713282048,9,9,3.7777777777777777,9,2,3,3,1,0.3333333333333333,0.6666666666666666,0.3333333333333333,low,0.45,0.7555555555555555
43,Home,91.9991083541252,6,6,3.6666666666666665,6,0,2,3,1,0.3333333333333333,0.0,0.3333333333333333,low,0.3,0.7333333333333333
44,Sports,368.4838343767709,10,10,3.9,10,2,1,7,0,0.1,0.2857142857142857,0.0,high,0.5,0.78
45,Clothing,409.9080350167511,13,13,3.923076923076923,13,1,4,6,2,0.3076923076923077,0.16666666666666666,0.3333333333333333,high,0.65,0.7846153846153846
46,Electronics,164.30221839593304,7,7,4.714285714285714,7,2,1,4,0,0.14285714285714285,0.5,0.0,low,0.35,0.9428571428571428
47,Electronics,189.17654190396368,8,8,3.5,8,0,2,4,2,0.25,0.0,0.5,medium,0.4,0.7
48,Sports,278.1634065169846,10,10,3.6,10,3,2,5,0,0.2,0.6,0.0,medium,0.5,0.72
49,Sports,75.48497977600043,12,12,3.0,12,1,4,5,2,0.3333333333333333,0.2,0.4,low,0.6,0.6
50,Home,442.9444197249361,7,7,3.7142857142857144,7,0,3,2,2,0.42857142857142855,0.0,1.0,high,0.35,0.7428571428571429
51,Clothing,301.9782124875527,7,7,3.7142857142857144,7,0,2,5,0,0.2857142857142857,0.0,0.0,medium,0.35,0.7428571428571429
52,Books,355.99890455977504,9,9,4.0,9,5,2,2,0,0.2222222222222222,2.5,0.0,medium,0.45,0.8
53,Electronics,318.18738253561816,9,9,3.6666666666666665,9,3,0,6,0,0.0,0.5,0.0,medium,0.45,0.7333333333333333
54,Clothing,381.5323579750744,11,11,2.909090909090909,11,2,5,2,2,0.45454545454545453,1.0,1.0,high,0.55,0.5818181818181818
55,Sports,280.59875775349,11,11,4.2727272727272725,11,1,1,8,1,0.09090909090909091,0.125,0.125,medium,0.55,0.8545454545454545
56,Sports,351.9435393695202,11,11,4.2727272727272725,11,0,4,7,0,0.36363636363636365,0.0,0.0,medium,0.55,0.8545454545454545
57,Electronics,349.9380856855489,10,10,3.0,10,3,4,3,0,0.4,1.0,0.0,medium,0.5,0.6
58,Clothing,182.8779913289572,13,13,4.0,13,2,1,8,2,0.07692307692307693,0.25,0.25,low,0.65,0.8
59,Sports,468.8079226274269,4,4,3.75,4,1,0,2,1,0.0,0.5,0.5,high,0.2,0.75
60,Books,204.002652058664,13,13,3.3846153846153846,13,4,2,6,1,0.15384615384615385,0.6666666666666666,0.16666666666666666,medium,0.65,0.676923076923077
61,Books,35.02995020608799,13,13,4.3076923076923075,13,2,4,6,1,0.3076923076923077,0.3333333333333333,0.16666666666666666,low,0.65,0.8615384615384615
62,Sports,174.15303963316978,12,12,4.166666666666667,12,2,3,7,0,0.25,0.2857142857142857,0.0,low,0.6,0.8333333333333334
63,Sports,257.2676401466622,9,9,4.444444444444445,9,1,2,6,0,0.2222222222222222,0.16666666666666666,0.0,medium,0.45,0.888888888888889
64,Clothing,22.41546068092592,14,14,3.7857142857142856,14,3,4,5,2,0.2857142857142857,0.6,0.4,low,0.7,0.7571428571428571
65,Sports,462.65381189078727,7,7,3.0,7,2,1,3,1,0.14285714285714285,0.6666666666666666,0.3333333333333333,high,0.35,0.6
66,Electronics,166.39073056827127,7,7,4.285714285714286,7,1,0,5,1,0.0,0.2,0.2,low,0.35,0.8571428571428571
67,Electronics,109.569827978441,9,9,4.222222222222222,9,4,1,4,0,0.1111111111111111,1.0,0.0,low,0.45,0.8444444444444444
68,Home,395.5492967453818,7,7,3.7142857142857144,7,2,2,3,0,0.2857142857142857,0.6666666666666666,0.0,high,0.35,0.7428571428571429
69,Books,482.1559324378162,12,12,4.25,12,5,2,4,1,0.16666666666666666,1.25,0.25,high,0.6,0.85
70,Electronics,201.75240713434155,12,12,3.8333333333333335,12,1,5,4,2,0.4166666666666667,0.25,0.5,medium,0.6,0.7666666666666667
71,Clothing,187.6770872177768,13,13,3.8461538461538463,13,1,4,7,1,0.3076923076923077,0.14285714285714285,0.14285714285714285,medium,0.65,0.7692307692307693
72,Home,382.6942417005656,10,10,3.8,10,2,2,6,0,0.2,0.3333333333333333,0.0,high,0.5,0.76
73,Sports,24.85095168498444,4,4,4.75,4,1,1,1,1,0.25,1.0,1.0,low,0.2,0.95
74,Books,97.4596636625573,8,8,3.75,8,2,2,4,0,0.25,0.5,0.0,low,0.4,0.75
75,Sports,443.8714622745355,13,13,4.076923076923077,13,2,4,5,2,0.3076923076923077,0.4,0.4,high,0.65,0.8153846153846154
76,Home,270.90026340203946,8,8,4.5,8,2,1,5,0,0.125,0.4,0.0,medium,0.4,0.9
77,Books,139.3102390717909,11,11,3.8181818181818183,11,0,3,6,2,0.2727272727272727,0.0,0.3333333333333333,low,0.55,0.7636363636363637
78,Sports,121.38424813287968,12,12,4.166666666666667,12,2,0,8,2,0.0,0.25,0.25,low,0.6,0.8333333333333334
79,Sports,476.0241197974454,11,11,3.4545454545454546,11,1,4,4,2,0.36363636363636365,0.25,0.5,high,0.55,0.6909090909090909
80,Home,361.4704555913048,12,12,3.5,12,2,4,4,2,0.3333333333333333,0.5,0.5,high,0.6,0.7
81,Home,64.88558298273014,10,10,4.2,10,1,3,5,1,0.3,0.2,0.2,low,0.5,0.8400000000000001
82,Electronics,201.56021592092057,14,14,4.142857142857143,14,2,2,6,4,0.14285714285714285,0.3333333333333333,0.6666666666666666,medium,0.7,0.8285714285714286
83,Electronics,33.350095763607854,9,9,3.3333333333333335,9,1,3,5,0,0.3333333333333333,0.2,0.0,low,0.45,0.6666666666666667
84,Clothing,412.8566833175856,14,14,4.214285714285714,14,1,5,8,0,0.35714285714285715,0.125,0.0,high,0.7,0.8428571428571429
85,Sports,482.4097427639077,16,16,3.75,16,1,2,9,4,0.125,0.1111111111111111,0.4444444444444444,high,0.8,0.75
86,Electronics,255.1850959622276,8,8,3.5,8,2,3,3,0,0.375,0.6666666666666666,0.0,medium,0.4,0.7
87,Sports,139.64207662402154,9,9,4.0,9,2,2,5,0,0.2222222222222222,0.4,0.0,low,0.45,0.8
88,Books,213.185564192704,4,4,3.0,4,2,0,2,0,0.0,1.0,0.0,medium,0.2,0.6
89,Electronics,345.0832238383461,14,14,4.071428571428571,14,3,3,5,3,0.21428571428571427,0.6,0.6,medium,0.7,0.8142857142857143
90,Home,324.1299743105689,8,8,3.75,8,0,1,5,2,0.125,0.0,0.4,medium,0.4,0.75
91,Home,353.37372451787263,13,13,4.230769230769231,13,4,2,5,2,0.15384615384615385,0.8,0.4,medium,0.65,0.8461538461538461
92,Clothing,430.1741607289611,3,3,4.0,3,1,0,1,1,0.0,1.0,1.0,high,0.15,0.8
93,Books,411.5878271542632,8,8,4.125,8,1,1,6,0,0.125,0.16666666666666666,0.0,high,0.4,0.825
94,Sports,352.753877718521,6,6,4.333333333333333,6,2,0,4,0,0.0,0.5,0.0,medium,0.3,0.8666666666666666
95,Home,365.6401074994175,8,8,3.25,8,1,3,4,0,0.375,0.25,0.0,high,0.4,0.65
96,Sports,465.1044824364606,8,8,4.125,8,1,0,6,1,0.0,0.16666666666666666,0.16666666666666666,high,0.4,0.825
97,Electronics,352.4965336358075,11,11,4.2727272727272725,11,4,0,7,0,0.0,0.5714285714285714,0.0,medium,0.55,0.8545454545454545
98,Sports,451.6409856091876,10,10,3.9,10,1,1,8,0,0.1,0.125,0.0,high,0.5,0.78
99,Electronics,27.696470599156356,5,5,4.0,5,3,0,1,1,0.0,3.0,1.0,low,0.25,0.8
100,Clothing,313.6652990560893,13,13,3.6153846153846154,13,4,3,4,2,0.23076923076923078,1.0,0.5,medium,0.65,0.7230769230769231
101,Clothing,315.931258246523,11,11,3.8181818181818183,11,3,3,5,0,0.2727272727272727,0.6,0.0,medium,0.55,0.7636363636363637
102,Electronics,70.07252458752357,7,7,4.285714285714286,7,1,2,3,1,0.2857142857142857,0.3333333333333333,0.3333333333333333,low,0.35,0.8571428571428571
103,Books,371.1412820211241,11,11,4.0,11,1,3,6,1,0.2727272727272727,0.16666666666666666,0.16666666666666666,high,0.55,0.8
104,Books,237.64964790388208,10,10,3.0,10,2,3,4,1,0.3,0.5,0.25,medium,0.5,0.6
105,Sports,362.6450230852093,11,11,4.090909090909091,11,2,3,6,0,0.2727272727272727,0.3333333333333333,0.0,high,0.55,0.8181818181818181
106,Electronics,412.22733032678,9,9,2.7777777777777777,9,0,2,5,2,0.2222222222222222,0.0,0.4,high,0.45,0.5555555555555556
107,Books,268.42936989925084,9,9,4.111111111111111,9,0,2,6,1,0.2222222222222222,0.0,0.16666666666666666,medium,0.45,0.8222222222222222
108,Sports,323.7245693259148,7,7,4.142857142857143,7,4,0,3,0,0.0,1.3333333333333333,0.0,medium,0.35,0.8285714285714286
109,Home,57.34080259726909,5,5,3.4,5,1,0,4,0,0.0,0.25,0.0,low,0.25,0.6799999999999999
110,Electronics,434.1107155909461,12,12,3.75,12,3,1,7,1,0.08333333333333333,0.42857142857142855,0.14285714285714285,high,0.6,0.75
111,Clothing,375.48717226272896,14,14,3.2142857142857144,14,3,4,6,1,0.2857142857142857,0.5,0.16666666666666666,high,0.7,0.6428571428571429
112,Sports,463.939017092161,10,10,3.2,10,1,2,6,1,0.2,0.16666666666666666,0.16666666666666666,high,0.5,0.64
113,Books,273.73214000046727,11,11,4.181818181818182,11,4,3,3,1,0.2727272727272727,1.3333333333333333,0.3333333333333333,medium,0.55,0.8363636363636363
114,Electronics,245.8064768487687,7,7,3.7142857142857144,7,3,2,1,1,0.2857142857142857,3.0,1.0,medium,0.35,0.7428571428571429
115,Home,27.99864121240578,8,8,4.0,8,1,1,5,1,0.125,0.2,0.2,low,0.4,0.8
116,Electronics,485.9817792021356,8,8,3.125,8,2,1,5,0,0.125,0.4,0.0,high,0.4,0.625
117,Home,406.0093123843069,12,12,4.0,12,3,0,7,2,0.0,0.42857142857142855,0.2857142857142857,high,0.6,0.8
118,Clothing,355.8584390468094,9,9,3.6666666666666665,9,2,3,3,1,0.3333333333333333,0.6666666666666666,0.3333333333333333,medium,0.45,0.7333333333333333
119,Books,442.829309282238,7,7,3.4285714285714284,7,1,1,4,1,0.14285714285714285,0.25,0.25,high,0.35,0.6857142857142857
120,Clothing,87.21220584168849,12,12,3.75,12,2,3,6,1,0.25,0.3333333333333333,0.16666666666666666,low,0.6,0.75
121,Home,157.76247571923653,10,10,3.3,10,4,0,4,2,0.0,1.0,0.5,low,0.5,0.6599999999999999
122,Sports,389.5678564717131,12,12,4.083333333333333,12,4,2,4,2,0.16666666666666666,1.0,0.5,high,0.6,0.8166666666666667
123,Clothing,411.9751646200906,15,15,3.8666666666666667,15,1,4,7,3,0.26666666666666666,0.14285714285714285,0.42857142857142855,high,0.75,0.7733333333333333
124,Sports,275.3056876901206,10,10,4.3,10,4,2,3,1,0.2,1.3333333333333333,0.3333333333333333,medium,0.5,0.86
125,Sports,493.73100291342985,10,10,3.8,10,1,2,4,3,0.2,0.25,0.75,high,0.5,0.76
126,Books,367.7784553801248,9,9,4.0,9,2,2,5,0,0.2222222222222222,0.4,0.0,high,0.45,0.8
127,Clothing,430.5581348302,3,3,4.0,3,0,2,0,1,0.6666666666666666,0.0,0.0,high,0.15,0.8
128,Electronics,384.2648335547558,12,12,3.1666666666666665,12,2,3,5,2,0.25,0.4,0.4,high,0.6,0.6333333333333333
129,Books,402.5524196181072,8,8,4.125,8,2,3,3,0,0.375,0.6666666666666666,0.0,high,0.4,0.825
130,Books,68.3271087020718,11,11,3.727272727272727,11,3,3,4,1,0.2727272727272727,0.75,0.25,low,0.55,0.7454545454545454
131,Clothing,315.6840601937817,7,7,4.285714285714286,7,0,1,5,1,0.14285714285714285,0.0,0.2,medium,0.35,0.8571428571428571
132,Home,115.7679724788558,11,11,4.090909090909091,11,4,3,3,1,0.2727272727272727,1.3333333333333333,0.3333333333333333,low,0.55,0.8181818181818181
133,Home,228.8967504959038,10,10,3.5,10,5,2,2,1,0.2,2.5,0.5,medium,0.5,0.7
134,Home,496.8093972550797,9,9,4.0,9,3,4,2,0,0.4444444444444444,1.5,0.0,high,0.45,0.8
135,Home,130.9014244633636,10,10,4.1,10,3,2,5,0,0.2,0.6,0.0,low,0.5,0.82
136,Sports,408.012219128984,16,16,3.875,16,5,3,4,4,0.1875,1.25,1.0,high,0.8,0.775
137,Home,465.8916100270355,13,13,4.230769230769231,13,3,4,4,2,0.3076923076923077,0.75,0.5,high,0.65,0.8461538461538461
138,Sports,199.86281547472493,8,8,4.125,8,2,0,5,1,0.0,0.4,0.2,medium,0.4,0.825
139,Electronics,72.67580328744918,11,11,3.4545454545454546,11,4,1,4,2,0.09090909090909091,1.0,0.5,low,0.55,0.6909090909090909
140,Electronics,446.0255407053767,10,10,4.0,10,2,1,6,1,0.1,0.3333333333333333,0.16666666666666666,high,0.5,0.8
141,Books,432.5203359711616,12,12,3.4166666666666665,12,4,3,4,1,0.25,1.0,0.25,high,0.6,0.6833333333333333
142,Books,398.2075689661504,8,8,4.0,8,1,4,3,0,0.5,0.3333333333333333,0.0,high,0.4,0.8
143,Books,34.04486501785649,12,12,4.083333333333333,12,3,1,6,2,0.08333333333333333,0.5,0.3333333333333333,low,0.6,0.8166666666666667
144,Home,46.0712906224678,6,6,4.0,6,2,1,2,1,0.16666666666666666,1.0,0.5,low,0.3,0.8
145,Clothing,357.43382694365835,11,11,4.090909090909091,11,0,2,8,1,0.18181818181818182,0.0,0.125,high,0.55,0.8181818181818181
146,Clothing,336.8872152603386,9,9,4.111111111111111,9,1,4,4,0,0.4444444444444444,0.25,0.0,medium,0.45,0.8222222222222222
147,Books,306.2628447521436,14,14,3.5714285714285716,14,0,2,6,6,0.14285714285714285,0.0,1.0,medium,0.7,0.7142857142857143
148,Clothing,496.3131362564721,5,5,3.2,5,1,1,3,0,0.2,0.3333333333333333,0.0,high,0.25,0.64
149,Books,407.7361707520385,6,6,3.5,6,0,1,5,0,0.16666666666666666,0.0,0.0,high,0.3,0.7
150,Books,91.8579533797376,11,11,3.909090909090909,11,3,2,5,1,0.18181818181818182,0.6,0.2,low,0.55,0.7818181818181819
151,Electronics,298.4011801201487,15,15,3.7333333333333334,15,5,2,4,4,0.13333333333333333,1.25,1.0,medium,0.75,0.7466666666666667
152,Clothing,49.78462113962567,14,14,4.0,14,4,3,6,1,0.21428571428571427,0.6666666666666666,0.16666666666666666,low,0.7,0.8
153,Books,228.04815301674216,10,10,3.8,10,3,3,4,0,0.3,0.75,0.0,medium,0.5,0.76
154,Home,256.91124342173623,13,13,4.0,13,2,3,5,3,0.23076923076923078,0.4,0.6,medium,0.65,0.8
155,Electronics,262.0496726422415,13,13,4.076923076923077,13,2,2,8,1,0.15384615384615385,0.25,0.125,medium,0.65,0.8153846153846154
156,Sports,411.7577604533781,8,8,3.875,8,4,1,2,1,0.125,2.0,0.5,high,0.4,0.775
157,Books,161.33267899356417,8,8,4.375,8,1,2,3,2,0.25,0.3333333333333333,0.6666666666666666,low,0.4,0.875
158,Clothing,395.197024127986,6,6,3.8333333333333335,6,1,0,4,1,0.0,0.25,0.25,high,0.3,0.7666666666666667
159,Home,440.3123185288236,12,12,3.75,12,5,1,5,1,0.08333333333333333,1.0,0.2,high,0.6,0.75
160,Clothing,36.56559253344248,11,11,3.727272727272727,11,3,1,5,2,0.09090909090909091,0.6,0.4,low,0.55,0.7454545454545454
161,Electronics,446.1671888471096,4,4,4.75,4,0,2,1,1,0.5,0.0,1.0,high,0.2,0.95
162,Books,310.91679632001365,11,11,3.6363636363636362,11,2,2,5,2,0.18181818181818182,0.4,0.4,medium,0.55,0.7272727272727273
163,Books,189.51420569752835,10,10,4.1,10,3,2,5,0,0.2,0.6,0.0,medium,0.5,0.82
164,Home,267.09724584892126,9,9,3.6666666666666665,9,2,3,4,0,0.3333333333333333,0.5,0.0,medium,0.45,0.7333333333333333
165,Home,317.2179800853431,9,9,3.3333333333333335,9,0,1,4,4,0.1111111111111111,0.0,1.0,medium,0.45,0.6666666666666667
166,Home,317.43849083223034,7,7,3.2857142857142856,7,2,2,2,1,0.2857142857142857,1.0,0.5,medium,0.35,0.6571428571428571
167,Clothing,355.85911655714773,7,7,3.7142857142857144,7,2,0,5,0,0.0,0.4,0.0,medium,0.35,0.7428571428571429
168,Clothing,472.9723338603584,11,11,3.3636363636363638,11,0,3,7,1,0.2727272727272727,0.0,0.14285714285714285,high,0.55,0.6727272727272727
169,Books,459.8025548913016,11,11,3.909090909090909,11,2,2,6,1,0.18181818181818182,0.3333333333333333,0.16666666666666666,high,0.55,0.7818181818181819
170,Books,452.5846154318498,9,9,3.6666666666666665,9,1,2,6,0,0.2222222222222222,0.16666666666666666,0.0,high,0.45,0.7333333333333333
171,Home,459.4922032108202,11,11,3.6363636363636362,11,1,2,8,0,0.18181818181818182,0.125,0.0,high,0.55,0.7272727272727273
172,Home,141.38640448652797,15,15,3.933333333333333,15,1,1,11,2,0.06666666666666667,0.09090909090909091,0.18181818181818182,low,0.75,0.7866666666666666
173,Electronics,333.788558700352,1,1,5.0,1,1,0,0,0,0.0,0.0,0.0,medium,0.05,1.0
174,Books,146.3700542280601,13,13,3.6923076923076925,13,1,1,9,2,0.07692307692307693,0.1111111111111111,0.2222222222222222,low,0.65,0.7384615384615385
175,Books,161.44257803671655,12,12,3.75,12,3,3,4,2,0.25,0.75,0.5,low,0.6,0.75
176,Clothing,21.62203468764873,10,10,4.2,10,4,2,4,0,0.2,1.0,0.0,low,0.5,0.8400000000000001
177,Books,113.98520117084092,11,11,4.0,11,2,1,7,1,0.09090909090909091,0.2857142857142857,0.14285714285714285,low,0.55,0.8
178,Sports,322.4736877284507,12,12,3.3333333333333335,12,6,3,3,0,0.25,2.0,0.0,medium,0.6,0.6666666666666667
179,Home,31.748003331763744,7,7,3.2857142857142856,7,2,1,4,0,0.14285714285714285,0.5,0.0,low,0.35,0.6571428571428571
180,Electronics,448.2935165487453,10,10,3.7,10,0,3,7,0,0.3,0.0,0.0,high,0.5,0.74
181,Books,102.21119646400994,10,10,4.7,10,3,3,3,1,0.3,1.0,0.3333333333333333,low,0.5,0.9400000000000001
182,Books,309.8171645932421,9,9,4.444444444444445,9,0,1,7,1,0.1111111111111111,0.0,0.14285714285714285,medium,0.45,0.888888888888889
183,Sports,196.84352914944887,10,10,4.5,10,0,1,9,0,0.1,0.0,0.0,medium,0.5,0.9
184,Sports,284.30894203370394,8,8,4.25,8,1,3,2,2,0.375,0.5,1.0,medium,0.4,0.85
185,Electronics,394.7904529645355,9,9,4.444444444444445,9,2,2,4,1,0.2222222222222222,0.5,0.25,high,0.45,0.888888888888889
186,Books,348.49581283147734,10,10,3.4,10,4,0,5,1,0.0,0.8,0.2,medium,0.5,0.6799999999999999
187,Home,165.91847230685832,12,12,4.0,12,3,0,9,0,0.0,0.3333333333333333,0.0,low,0.6,0.8
188,Electronics,415.16877080479895,10,10,4.2,10,2,1,5,2,0.1,0.4,0.4,high,0.5,0.8400000000000001
189,Clothing,317.4987461392035,9,9,3.5555555555555554,9,2,3,3,1,0.3333333333333333,0.6666666666666666,0.3333333333333333,medium,0.45,0.711111111111111
190,Home,450.511832474152,9,9,4.222222222222222,9,2,1,3,3,0.1111111111111111,0.6666666666666666,1.0,high,0.45,0.8444444444444444
191,Clothing,277.9869648094904,10,10,3.9,10,1,3,6,0,0.3,0.16666666666666666,0.0,medium,0.5,0.78
192,Clothing,342.70984110815454,12,12,3.6666666666666665,12,3,3,4,2,0.25,0.75,0.5,medium,0.6,0.7333333333333333
193,Clothing,224.5490095225947,16,16,3.625,16,3,6,7,0,0.375,0.42857142857142855,0.0,medium,0.8,0.725
194,Books,39.22330950495879,8,8,4.0,8,2,1,3,2,0.125,0.6666666666666666,0.6666666666666666,low,0.4,0.8
195,Books,487.5514330114709,14,14,4.214285714285714,14,2,3,6,3,0.21428571428571427,0.3333333333333333,0.5,high,0.7,0.8428571428571429
196,Home,304.7639011171623,5,5,4.6,5,1,0,4,0,0.0,0.25,0.0,medium,0.25,0.9199999999999999
197,Electronics,236.3377340086828,9,9,4.555555555555555,9,1,2,6,0,0.2222222222222222,0.16666666666666666,0.0,medium,0.45,0.9111111111111111
198,Books,312.7239538693028,11,11,4.363636363636363,11,1,1,9,0,0.09090909090909091,0.1111111111111111,0.0,medium,0.55,0.8727272727272727
199,Sports,366.5336637218901,8,8,3.875,8,1,2,4,1,0.25,0.25,0.25,high,0.4,0.775
200,Clothing,126.73188378071956,15,15,4.266666666666667,15,4,2,9,0,0.13333333333333333,0.4444444444444444,0.0,low,0.75,0.8533333333333333
201,Books,104.65898498780211,8,8,3.75,8,4,1,3,0,0.125,1.3333333333333333,0.0,low,0.4,0.75
202,Electronics,61.97798442762349,16,16,4.0,16,3,2,10,1,0.125,0.3,0.1,low,0.8,0.8
203,Clothing,18.635769936535105,8,8,3.0,8,4,1,2,1,0.125,2.0,0.5,low,0.4,0.6
204,Clothing,175.43717630881918,12,12,4.0,12,4,2,3,3,0.16666666666666666,1.3333333333333333,1.0,low,0.6,0.8
205,Sports,156.4029479717813,10,10,3.7,10,0,3,6,1,0.3,0.0,0.16666666666666666,low,0.5,0.74
206,Sports,290.24520130653514,12,12,3.6666666666666665,12,3,4,4,1,0.3333333333333333,0.75,0.25,medium,0.6,0.7333333333333333
207,Books,24.777548154097172,9,9,4.222222222222222,9,0,2,4,3,0.2222222222222222,0.0,0.75,low,0.45,0.8444444444444444
208,Clothing,160.39750565541348,11,11,3.727272727272727,11,3,4,3,1,0.36363636363636365,1.0,0.3333333333333333,low,0.55,0.7454545454545454
209,Electronics,434.1716491074441,11,11,3.909090909090909,11,2,0,5,4,0.0,0.4,0.8,high,0.55,0.7818181818181819
210,Electronics,210.3288376295544,7,7,3.5714285714285716,7,2,0,5,0,0.0,0.4,0.0,medium,0.35,0.7142857142857143
211,Books,492.2203503596052,13,13,4.461538461538462,13,5,1,5,2,0.07692307692307693,1.0,0.4,high,0.65,0.8923076923076924
212,Home,89.20394954128444,10,10,3.4,10,0,3,5,2,0.3,0.0,0.4,low,0.5,0.6799999999999999
213,Clothing,433.57793449275965,9,9,3.4444444444444446,9,2,3,3,1,0.3333333333333333,0.6666666666666666,0.3333333333333333,high,0.45,0.6888888888888889
214,Clothing,168.38746082007856,17,17,4.0,17,3,2,10,2,0.11764705882352941,0.3,0.2,low,0.85,0.8
215,Electronics,44.58213932797256,4,4,4.75,4,0,1,2,1,0.25,0.0,0.5,low,0.2,0.95
216,Home,139.5089339943665,7,7,3.5714285714285716,7,1,0,5,1,0.0,0.2,0.2,low,0.35,0.7142857142857143
217,Books,420.79420457078135,6,6,3.8333333333333335,6,2,1,1,2,0.16666666666666666,2.0,2.0,high,0.3,0.7666666666666667
218,Electronics,403.2247684313749,9,9,3.3333333333333335,9,1,1,7,0,0.1111111111111111,0.14285714285714285,0.0,high,0.45,0.6666666666666667
219,Home,358.41766007650534,11,11,3.4545454545454546,11,3,3,5,0,0.2727272727272727,0.6,0.0,high,0.55,0.6909090909090909
220,Books,201.1281122535936,8,8,3.75,8,1,2,4,1,0.25,0.25,0.25,medium,0.4,0.75
221,Home,143.4112003725753,13,13,3.4615384615384617,13,3,4,5,1,0.3076923076923077,0.6,0.2,low,0.65,0.6923076923076923
222,Clothing,129.45470869697033,8,8,3.25,8,1,0,7,0,0.0,0.14285714285714285,0.0,low,0.4,0.65
223,Sports,103.2344341425658,7,7,3.857142857142857,7,0,0,5,2,0.0,0.0,0.4,low,0.35,0.7714285714285715
224,Home,375.5423130435779,7,7,2.7142857142857144,7,0,2,4,1,0.2857142857142857,0.0,0.25,high,0.35,0.5428571428571429
225,Clothing,311.8222872502754,7,7,3.857142857142857,7,4,2,1,0,0.2857142857142857,4.0,0.0,medium,0.35,0.7714285714285715
226,Home,99.75899842132117,5,5,3.6,5,0,0,4,1,0.0,0.0,0.25,low,0.25,0.72
227,Clothing,183.67211367884732,10,10,3.3,10,0,1,7,2,0.1,0.0,0.2857142857142857,low,0.5,0.6599999999999999
228,Home,332.79154567696014,12,12,3.75,12,2,2,5,3,0.16666666666666666,0.4,0.6,medium,0.6,0.75
229,Electronics,485.6482608144794,10,10,4.3,10,3,1,4,2,0.1,0.75,0.5,high,0.5,0.86
230,Electronics,420.31918699455264,11,11,3.5454545454545454,11,0,2,7,2,0.18181818181818182,0.0,0.2857142857142857,high,0.55,0.7090909090909091
231,Sports,289.00267721525967,8,8,3.375,8,1,0,5,2,0.0,0.2,0.4,medium,0.4,0.675
232,Home,450.0667015906232,9,9,3.7777777777777777,9,1,3,4,1,0.3333333333333333,0.25,0.25,high,0.45,0.7555555555555555
233,Books,449.4836914997708,7,7,3.4285714285714284,7,3,1,3,0,0.14285714285714285,1.0,0.0,high,0.35,0.6857142857142857
234,Sports,126.89748279792722,6,6,3.6666666666666665,6,0,2,3,1,0.3333333333333333,0.0,0.3333333333333333,low,0.3,0.7333333333333333
235,Home,429.0601921715273,10,10,3.2,10,0,2,7,1,0.2,0.0,0.14285714285714285,high,0.5,0.64
236,Clothing,455.4424037820487,7,7,3.857142857142857,7,4,2,1,0,0.2857142857142857,4.0,0.0,high,0.35,0.7714285714285715
237,Home,13.439823047618464,8,8,3.5,8,1,0,6,1,0.0,0.16666666666666666,0.16666666666666666,low,0.4,0.7
238,Home,160.66807140305755,12,12,3.25,12,0,1,8,3,0.08333333333333333,0.0,0.375,low,0.6,0.65
239,Clothing,426.4654153601368,9,9,4.222222222222222,9,1,2,5,1,0.2222222222222222,0.2,0.2,high,0.45,0.8444444444444444
240,Clothing,228.02085321323423,12,12,3.5833333333333335,12,3,1,6,2,0.08333333333333333,0.5,0.3333333333333333,medium,0.6,0.7166666666666667
241,Sports,469.4185788396875,8,8,3.5,8,0,2,6,0,0.25,0.0,0.0,high,0.4,0.7
242,Electronics,449.5643317585699,12,12,3.8333333333333335,12,4,3,5,0,0.25,0.8,0.0,high,0.6,0.7666666666666667
243,Clothing,463.2372718407096,10,10,3.9,10,4,1,4,1,0.1,1.0,0.25,high,0.5,0.78
244,Sports,120.26916449011487,11,11,3.727272727272727,11,3,2,5,1,0.18181818181818182,0.6,0.2,low,0.55,0.7454545454545454
245,Books,335.3621567501365,8,8,4.0,8,0,2,4,2,0.25,0.0,0.5,medium,0.4,0.8
246,Sports,360.4911034732479,10,10,3.5,10,2,4,3,1,0.4,0.6666666666666666,0.3333333333333333,high,0.5,0.7
247,Electronics,428.73532686720654,17,17,4.117647058823529,17,3,1,12,1,0.058823529411764705,0.25,0.08333333333333333,high,0.85,0.8235294117647058
248,Home,99.64344951068074,7,7,3.5714285714285716,7,1,3,3,0,0.42857142857142855,0.3333333333333333,0.0,low,0.35,0.7142857142857143
249,Sports,205.69139895311923,9,9,4.333333333333333,9,2,4,3,0,0.4444444444444444,0.6666666666666666,0.0,medium,0.45,0.8666666666666666
250,Sports,307.68904255659123,10,10,4.2,10,1,1,8,0,0.1,0.125,0.0,medium,0.5,0.8400000000000001
251,Books,44.83590909877024,11,11,3.727272727272727,11,2,3,5,1,0.2727272727272727,0.4,0.2,low,0.55,0.7454545454545454
252,Home,30.895916348826475,5,5,4.8,5,0,0,3,2,0.0,0.0,0.6666666666666666,low,0.25,0.96
253,Sports,191.40718700140712,8,8,3.875,8,0,3,4,1,0.375,0.0,0.25,medium,0.4,0.775
254,Sports,375.05388050990166,7,7,4.142857142857143,7,1,1,4,1,0.14285714285714285,0.25,0.25,high,0.35,0.8285714285714286
255,Sports,431.9036355618648,13,13,3.6153846153846154,13,0,1,7,5,0.07692307692307693,0.0,0.7142857142857143,high,0.65,0.7230769230769231
256,Sports,167.03873106730055,5,5,3.6,5,2,2,1,0,0.4,2.0,0.0,low,0.25,0.72
257,Sports,392.0067133949266,9,9,4.0,9,0,2,7,0,0.2222222222222222,0.0,0.0,high,0.45,0.8
258,Books,258.8159079923181,12,12,3.75,12,4,1,6,1,0.08333333333333333,0.6666666666666666,0.16666666666666666,medium,0.6,0.75
259,Sports,32.08874697674463,10,10,3.6,10,2,1,4,3,0.1,0.5,0.75,low,0.5,0.72
260,Clothing,126.77631288737516,7,7,3.857142857142857,7,1,3,2,1,0.42857142857142855,0.5,0.5,low,0.35,0.7714285714285715
261,Books,346.601917340944,11,11,3.909090909090909,11,2,3,4,2,0.2727272727272727,0.5,0.5,medium,0.55,0.7818181818181819
262,Home,82.18959909426583,10,10,3.9,10,1,3,5,1,0.3,0.2,0.2,low,0.5,0.78
263,Electronics,32.50371329117972,16,16,4.0,16,3,6,5,2,0.375,0.6,0.4,low,0.8,0.8
264,Home,139.86763252389218,13,13,4.076923076923077,13,1,1,10,1,0.07692307692307693,0.1,0.1,low,0.65,0.8153846153846154
265,Clothing,24.649495872190982,9,9,3.3333333333333335,9,2,2,4,1,0.2222222222222222,0.5,0.25,low,0.45,0.6666666666666667
266,Sports,16.790014059381676,9,9,3.7777777777777777,9,2,0,5,2,0.0,0.4,0.4,low,0.45,0.7555555555555555
267,Sports,372.0949059271907,5,5,3.8,5,0,2,3,0,0.4,0.0,0.0,high,0.25,0.76
268,Clothing,326.7886268871404,11,11,4.545454545454546,11,0,3,8,0,0.2727272727272727,0.0,0.0,medium,0.55,0.9090909090909092
269,Books,465.84925799400094,11,11,3.3636363636363638,11,1,1,8,1,0.09090909090909091,0.125,0.125,high,0.55,0.6727272727272727
270,Clothing,28.230430212001085,11,11,3.4545454545454546,11,4,2,5,0,0.18181818181818182,0.8,0.0,low,0.55,0.6909090909090909
271,Electronics,88.0146324323776,20,20,3.9,20,5,2,10,3,0.1,0.5,0.3,low,1.0,0.78
272,Clothing,393.1087128054756,7,7,4.142857142857143,7,2,2,3,0,0.2857142857142857,0.6666666666666666,0.0,high,0.35,0.8285714285714286
273,Clothing,345.5402375079557,9,9,3.888888888888889,9,1,0,7,1,0.0,0.14285714285714285,0.14285714285714285,medium,0.45,0.7777777777777778
274,Electronics,253.3193950633471,11,11,4.181818181818182,11,1,4,6,0,0.36363636363636365,0.16666666666666666,0.0,medium,0.55,0.8363636363636363
275,Clothing,447.9152042517146,9,9,3.5555555555555554,9,3,1,5,0,0.1111111111111111,0.6,0.0,high,0.45,0.711111111111111
276,Books,232.29254356820476,6,6,4.166666666666667,6,1,1,4,0,0.16666666666666666,0.25,0.0,medium,0.3,0.8333333333333334
277,Sports,332.49991642684324,6,6,4.166666666666667,6,1,1,4,0,0.16666666666666666,0.25,0.0,medium,0.3,0.8333333333333334
278,Home,436.7231697415171,7,7,4.428571428571429,7,2,0,4,1,0.0,0.5,0.25,high,0.35,0.8857142857142858
279,Books,180.36384417588928,12,12,4.0,12,3,3,6,0,0.25,0.5,0.0,low,0.6,0.8
280,Clothing,49.9921896800912,7,7,4.142857142857143,7,2,4,1,0,0.5714285714285714,2.0,0.0,low,0.35,0.8285714285714286
281,Electronics,336.1364207033774,16,16,3.9375,16,4,3,6,3,0.1875,0.6666666666666666,0.5,medium,0.8,0.7875
282,Home,355.5083268462016,11,11,3.727272727272727,11,4,1,4,2,0.09090909090909091,1.0,0.5,medium,0.55,0.7454545454545454
283,Electronics,439.0818210292215,12,12,3.8333333333333335,12,3,1,7,1,0.08333333333333333,0.42857142857142855,0.14285714285714285,high,0.6,0.7666666666666667
284,Sports,41.1184767093032,7,7,4.0,7,0,3,3,1,0.42857142857142855,0.0,0.3333333333333333,low,0.35,0.8
285,Books,214.3815600210437,14,14,4.428571428571429,14,2,3,8,1,0.21428571428571427,0.25,0.125,medium,0.7,0.8857142857142858
286,Books,123.70822905570944,10,10,4.3,10,3,3,3,1,0.3,1.0,0.3333333333333333,low,0.5,0.86
287,Sports,233.0569889898303,11,11,3.5454545454545454,11,1,1,8,1,0.09090909090909091,0.125,0.125,medium,0.55,0.7090909090909091
288,Clothing,289.50032048010024,6,6,4.5,6,2,0,4,0,0.0,0.5,0.0,medium,0.3,0.9
289,Books,175.5636608400451,9,9,3.0,9,2,1,6,0,0.1111111111111111,0.3333333333333333,0.0,low,0.45,0.6
290,Books,387.04641912880606,10,10,3.7,10,1,2,5,2,0.2,0.2,0.4,high,0.5,0.74
291,Home,120.23464105359692,7,7,3.2857142857142856,7,0,1,5,1,0.14285714285714285,0.0,0.2,low,0.35,0.6571428571428571
292,Clothing,138.31888210227018,13,13,3.3076923076923075,13,3,0,9,1,0.0,0.3333333333333333,0.1111111111111111,low,0.65,0.6615384615384615
293,Electronics,302.52719544315374,9,9,3.3333333333333335,9,0,2,5,2,0.2222222222222222,0.0,0.4,medium,0.45,0.6666666666666667
294,Books,405.98339448616,10,10,3.5,10,2,4,3,1,0.4,0.6666666666666666,0.3333333333333333,high,0.5,0.7
295,Home,309.73508138218,10,10,4.1,10,1,1,8,0,0.1,0.125,0.0,medium,0.5,0.82
296,Sports,389.9652405697599,8,8,3.875,8,3,2,3,0,0.25,1.0,0.0,high,0.4,0.775
297,Home,444.2568949552237,13,13,3.8461538461538463,13,2,1,5,5,0.07692307692307693,0.4,1.0,high,0.65,0.7692307692307693
298,Electronics,419.626267548507,12,12,3.5833333333333335,12,1,2,7,2,0.16666666666666666,0.14285714285714285,0.2857142857142857,high,0.6,0.7166666666666667
299,Home,214.10461947899495,8,8,4.125,8,2,3,3,0,0.375,0.6666666666666666,0.0,medium,0.4,0.825
300,Home,252.30719901450024,12,12,4.333333333333333,12,2,0,9,1,0.0,0.2222222222222222,0.1111111111111111,medium,0.6,0.8666666666666666
301,Electronics,495.06676241610734,9,9,4.555555555555555,9,3,0,5,1,0.0,0.6,0.2,high,0.45,0.9111111111111111
302,Home,359.9549525085933,6,6,4.333333333333333,6,1,1,2,2,0.16666666666666666,0.5,1.0,high,0.3,0.8666666666666666
303,Sports,447.9353290320369,6,6,3.8333333333333335,6,1,1,3,1,0.16666666666666666,0.3333333333333333,0.3333333333333333,high,0.3,0.7666666666666667
304,Books,257.397910937284,10,10,3.9,10,2,1,7,0,0.1,0.2857142857142857,0.0,medium,0.5,0.78
305,Electronics,142.7926011519995,6,6,3.3333333333333335,6,3,1,2,0,0.16666666666666666,1.5,0.0,low,0.3,0.6666666666666667
306,Clothing,376.18657526126754,10,10,3.5,10,1,2,7,0,0.2,0.14285714285714285,0.0,high,0.5,0.7
307,Electronics,406.1435005305127,19,19,3.3684210526315788,19,7,4,6,2,0.21052631578947367,1.1666666666666667,0.3333333333333333,high,0.95,0.6736842105263158
308,Books,369.8784551386805,9,9,3.3333333333333335,9,2,4,2,1,0.4444444444444444,1.0,0.5,high,0.45,0.6666666666666667
309,Books,337.32049593091216,12,12,4.083333333333333,12,3,2,5,2,0.16666666666666666,0.6,0.4,medium,0.6,0.8166666666666667
310,Electronics,451.198777694541,15,15,3.6,15,3,2,9,1,0.13333333333333333,0.3333333333333333,0.1111111111111111,high,0.75,0.72
311,Clothing,397.6930510973442,8,8,3.625,8,2,1,5,0,0.125,0.4,0.0,high,0.4,0.725
312,Books,463.35508628125024,7,7,4.428571428571429,7,1,1,4,1,0.14285714285714285,0.25,0.25,high,0.35,0.8857142857142858
313,Electronics,86.27951858847997,10,10,3.5,10,2,0,8,0,0.0,0.25,0.0,low,0.5,0.7
314,Sports,125.3985250649761,11,11,3.8181818181818183,11,1,1,5,4,0.09090909090909091,0.2,0.8,low,0.55,0.7636363636363637
315,Sports,454.3009674556501,14,14,3.642857142857143,14,1,3,9,1,0.21428571428571427,0.1111111111111111,0.1111111111111111,high,0.7,0.7285714285714285
316,Clothing,243.8873945731201,10,10,4.0,10,1,4,5,0,0.4,0.2,0.0,medium,0.5,0.8
317,Electronics,166.65494356152033,8,8,3.5,8,1,2,3,2,0.25,0.3333333333333333,0.6666666666666666,low,0.4,0.7
318,Electronics,91.4948127889836,5,5,3.2,5,0,3,2,0,0.6,0.0,0.0,low,0.25,0.64
319,Books,444.46019408663153,12,12,4.416666666666667,12,1,2,8,1,0.16666666666666666,0.125,0.125,high,0.6,0.8833333333333334
320,Sports,27.80123629825645,6,6,4.0,6,2,1,3,0,0.16666666666666666,0.6666666666666666,0.0,low,0.3,0.8
321,Electronics,347.9014764149507,10,10,4.4,10,1,1,7,1,0.1,0.14285714285714285,0.14285714285714285,medium,0.5,0.8800000000000001
322,Clothing,38.22826079872952,9,9,3.7777777777777777,9,3,1,4,1,0.1111111111111111,0.75,0.25,low,0.45,0.7555555555555555
323,Electronics,343.1520776712336,10,10,4.2,10,3,3,4,0,0.3,0.75,0.0,medium,0.5,0.8400000000000001
324,Sports,459.0168390426568,12,12,3.5,12,1,3,8,0,0.25,0.125,0.0,high,0.6,0.7
325,Clothing,212.62096311236112,11,11,3.5454545454545454,11,1,3,3,4,0.2727272727272727,0.3333333333333333,1.3333333333333333,medium,0.55,0.7090909090909091
326,Books,51.60005541972062,7,7,3.5714285714285716,7,2,1,3,1,0.14285714285714285,0.6666666666666666,0.3333333333333333,low,0.35,0.7142857142857143
327,Electronics,458.31193212789657,11,11,3.727272727272727,11,1,4,5,1,0.36363636363636365,0.2,0.2,high,0.55,0.7454545454545454
328,Sports,73.6300596624487,11,11,3.8181818181818183,11,1,1,9,0,0.09090909090909091,0.1111111111111111,0.0,low,0.55,0.7636363636363637
329,Electronics,437.515615815553,6,6,4.0,6,1,0,4,1,0.0,0.25,0.25,high,0.3,0.8
330,Electronics,69.38081613139346,13,13,3.4615384615384617,13,4,3,5,1,0.23076923076923078,0.8,0.2,low,0.65,0.6923076923076923
331,Books,213.72729966338352,11,11,3.272727272727273,11,3,0,6,2,0.0,0.5,0.3333333333333333,medium,0.55,0.6545454545454545
332,Books,423.6789292739808,12,12,4.166666666666667,12,3,1,8,0,0.08333333333333333,0.375,0.0,high,0.6,0.8333333333333334
333,Home,149.15910756393538,11,11,3.5454545454545454,11,1,3,5,2,0.2727272727272727,0.2,0.4,low,0.55,0.7090909090909091
334,Books,103.15042129383797,12,12,4.333333333333333,12,5,2,1,4,0.16666666666666666,5.0,4.0,low,0.6,0.8666666666666666
335,Sports,413.3381865450892,11,11,3.909090909090909,11,3,1,6,1,0.09090909090909091,0.5,0.16666666666666666,high,0.55,0.7818181818181819
336,Home,118.27971768796694,11,11,3.909090909090909,11,3,2,5,1,0.18181818181818182,0.6,0.2,low,0.55,0.7818181818181819
337,Books,19.769227950540028,12,12,3.3333333333333335,12,2,1,9,0,0.08333333333333333,0.2222222222222222,0.0,low,0.6,0.6666666666666667
338,Home,87.09601112550916,9,9,3.888888888888889,9,0,2,4,3,0.2222222222222222,0.0,0.75,low,0.45,0.7777777777777778
339,Electronics,197.62489377691185,15,15,3.6666666666666665,15,4,2,7,2,0.13333333333333333,0.5714285714285714,0.2857142857142857,medium,0.75,0.7333333333333333
340,Clothing,339.2780699895547,4,4,4.0,4,1,0,3,0,0.0,0.3333333333333333,0.0,medium,0.2,0.8
341,Electronics,30.81310067349469,4,4,3.0,4,3,1,0,0,0.25,0.0,0.0,low,0.2,0.6
342,Clothing,203.05805305856464,8,8,3.75,8,3,2,3,0,0.25,1.0,0.0,medium,0.4,0.75
343,Home,328.5810422064561,11,11,4.454545454545454,11,1,1,8,1,0.09090909090909091,0.125,0.125,medium,0.55,0.8909090909090909
344,Clothing,383.4575033456585,10,10,4.5,10,2,2,6,0,0.2,0.3333333333333333,0.0,high,0.5,0.9
345,Home,264.0643224010572,12,12,3.6666666666666665,12,6,1,4,1,0.08333333333333333,1.5,0.25,medium,0.6,0.7333333333333333
346,Books,379.3313924820927,12,12,4.0,12,2,3,6,1,0.25,0.3333333333333333,0.16666666666666666,high,0.6,0.8
347,Books,366.56771916873504,8,8,3.625,8,3,2,3,0,0.25,1.0,0.0,high,0.4,0.725
348,Clothing,227.97645460400375,7,7,3.2857142857142856,7,1,1,4,1,0.14285714285714285,0.25,0.25,medium,0.35,0.6571428571428571
349,Books,168.58203806524818,11,11,4.2727272727272725,11,1,2,5,3,0.18181818181818182,0.2,0.6,low,0.55,0.8545454545454545
350,Books,47.26547276047169,11,11,3.8181818181818183,11,3,2,6,0,0.18181818181818182,0.5,0.0,low,0.55,0.7636363636363637
351,Home,366.8049902362264,10,10,4.2,10,1,2,6,1,0.2,0.16666666666666666,0.16666666666666666,high,0.5,0.8400000000000001
352,Books,341.86602232637824,11,11,3.4545454545454546,11,0,3,7,1,0.2727272727272727,0.0,0.14285714285714285,medium,0.55,0.6909090909090909
353,Clothing,279.45693440132914,8,8,4.125,8,2,1,4,1,0.125,0.5,0.25,medium,0.4,0.825
354,Clothing,253.5536287453592,11,11,3.8181818181818183,11,4,3,4,0,0.2727272727272727,1.0,0.0,medium,0.55,0.7636363636363637
355,Books,97.86771291671378,14,14,3.2142857142857144,14,3,3,6,2,0.21428571428571427,0.5,0.3333333333333333,low,0.7,0.6428571428571429
356,Electronics,28.181343233913985,10,10,4.0,10,1,3,5,1,0.3,0.2,0.2,low,0.5,0.8
357,Sports,173.26428701441893,9,9,3.6666666666666665,9,1,1,7,0,0.1111111111111111,0.14285714285714285,0.0,low,0.45,0.7333333333333333
358,Books,204.5144769432165,8,8,4.25,8,1,1,6,0,0.125,0.16666666666666666,0.0,medium,0.4,0.85
359,Clothing,50.04315412245761,8,8,3.625,8,1,1,5,1,0.125,0.2,0.2,low,0.4,0.725
360,Sports,147.4966932497706,13,13,3.8461538461538463,13,2,3,7,1,0.23076923076923078,0.2857142857142857,0.14285714285714285,low,0.65,0.7692307692307693
361,Clothing,300.9546820855203,10,10,3.8,10,0,1,8,1,0.1,0.0,0.125,medium,0.5,0.76
362,Sports,216.00323801615903,6,6,4.333333333333333,6,0,1,5,0,0.16666666666666666,0.0,0.0,medium,0.3,0.8666666666666666
363,Books,144.1736481234697,11,11,3.8181818181818183,11,5,1,5,0,0.09090909090909091,1.0,0.0,low,0.55,0.7636363636363637
364,Clothing,115.79385512475696,12,12,3.5833333333333335,12,2,2,5,3,0.16666666666666666,0.4,0.6,low,0.6,0.7166666666666667
365,Electronics,126.57789170782536,9,9,3.4444444444444446,9,2,2,3,2,0.2222222222222222,0.6666666666666666,0.6666666666666666,low,0.45,0.6888888888888889
366,Home,145.10878073299278,10,10,3.4,10,3,2,4,1,0.2,0.75,0.25,low,0.5,0.6799999999999999
367,Sports,387.8831778612984,4,4,3.25,4,1,1,1,1,0.25,1.0,1.0,high,0.2,0.65
368,Electronics,246.08173677530485,6,6,3.3333333333333335,6,0,1,5,0,0.16666666666666666,0.0,0.0,medium,0.3,0.6666666666666667
369,Electronics,55.21489925964698,6,6,3.5,6,1,0,4,1,0.0,0.25,0.25,low,0.3,0.7
370,Clothing,294.10501308217147,9,9,3.7777777777777777,9,3,1,3,2,0.1111111111111111,1.0,0.6666666666666666,medium,0.45,0.7555555555555555
371,Clothing,94.41707237080134,13,13,3.6153846153846154,13,0,1,10,2,0.07692307692307693,0.0,0.2,low,0.65,0.7230769230769231
372,Home,80.51882008967799,15,15,4.066666666666666,15,2,4,6,3,0.26666666666666666,0.3333333333333333,0.5,low,0.75,0.8133333333333332
373,Home,303.8391338494459,10,10,4.1,10,4,0,4,2,0.0,1.0,0.5,medium,0.5,0.82
374,Sports,56.3735505344244,12,12,3.5,12,2,1,8,1,0.08333333333333333,0.25,0.125,low,0.6,0.7
375,Home,485.3106507968076,7,7,4.142857142857143,7,2,1,4,0,0.14285714285714285,0.5,0.0,high,0.35,0.8285714285714286
376,Sports,217.6798773985232,5,5,4.2,5,1,1,3,0,0.2,0.3333333333333333,0.0,medium,0.25,0.8400000000000001
377,Clothing,454.6808308009062,12,12,4.083333333333333,12,2,3,6,1,0.25,0.3333333333333333,0.16666666666666666,high,0.6,0.8166666666666667
378,Home,13.232191318867333,6,6,4.0,6,0,3,3,0,0.5,0.0,0.0,low,0.3,0.8
379,Electronics,247.75496505391672,7,7,3.4285714285714284,7,1,2,4,0,0.2857142857142857,0.25,0.0,medium,0.35,0.6857142857142857
380,Home,478.337492416833,12,12,3.5833333333333335,12,1,2,6,3,0.16666666666666666,0.16666666666666666,0.5,high,0.6,0.7166666666666667
381,Books,458.1774211469062,13,13,3.3846153846153846,13,2,1,10,0,0.07692307692307693,0.2,0.0,high,0.65,0.676923076923077
382,Books,205.17965665235909,12,12,3.4166666666666665,12,4,1,5,2,0.08333333333333333,0.8,0.4,medium,0.6,0.6833333333333333
383,Electronics,433.0848142901101,16,16,4.125,16,4,1,7,4,0.0625,0.5714285714285714,0.5714285714285714,high,0.8,0.825
384,Home,497.8094500551636,5,5,3.4,5,0,1,3,1,0.2,0.0,0.3333333333333333,high,0.25,0.6799999999999999
385,Sports,344.34856628158434,14,14,4.071428571428571,14,2,3,9,0,0.21428571428571427,0.2222222222222222,0.0,medium,0.7,0.8142857142857143
386,Electronics,486.26779043567046,11,11,3.6363636363636362,11,2,3,5,1,0.2727272727272727,0.4,0.2,high,0.55,0.7272727272727273
387,Electronics,378.3754427795903,9,9,3.6666666666666665,9,1,2,3,3,0.2222222222222222,0.3333333333333333,1.0,high,0.45,0.7333333333333333
388,Clothing,489.0604541132499,14,14,3.857142857142857,14,1,2,9,2,0.14285714285714285,0.1111111111111111,0.2222222222222222,high,0.7,0.7714285714285715
389,Books,43.80409133174344,12,12,4.0,12,1,2,8,1,0.16666666666666666,0.125,0.125,low,0.6,0.8
390,Books,455.3320341321477,10,10,4.1,10,0,3,5,2,0.3,0.0,0.4,high,0.5,0.82
391,Sports,396.1415943640219,13,13,2.923076923076923,13,2,3,5,3,0.23076923076923078,0.4,0.6,high,0.65,0.5846153846153845
392,Electronics,251.43673045057156,20,20,3.95,20,4,5,7,4,0.25,0.5714285714285714,0.5714285714285714,medium,1.0,0.79
393,Books,39.03895850381133,10,10,3.9,10,3,1,6,0,0.1,0.5,0.0,low,0.5,0.78
394,Home,434.0646564811413,12,12,3.75,12,1,1,9,1,0.08333333333333333,0.1111111111111111,0.1111111111111111,high,0.6,0.75
395,Clothing,215.23945434000703,15,15,3.3333333333333335,15,5,4,4,2,0.26666666666666666,1.25,0.5,medium,0.75,0.6666666666666667
396,Home,15.645263944650466,13,13,3.4615384615384617,13,3,2,6,2,0.15384615384615385,0.5,0.3333333333333333,low,0.65,0.6923076923076923
397,Sports,191.71450596332545,6,6,3.3333333333333335,6,1,0,5,0,0.0,0.2,0.0,medium,0.3,0.6666666666666667
398,Sports,100.77839737510742,6,6,4.833333333333333,6,0,3,1,2,0.5,0.0,2.0,low,0.3,0.9666666666666666
399,Clothing,65.400020500719,13,13,4.230769230769231,13,4,2,5,2,0.15384615384615385,0.8,0.4,low,0.65,0.8461538461538461
400,Electronics,104.29130417208354,7,7,4.0,7,1,2,3,1,0.2857142857142857,0.3333333333333333,0.3333333333333333,low,0.35,0.8
401,Home,414.7853517845255,6,6,3.6666666666666665,6,2,0,4,0,0.0,0.5,0.0,high,0.3,0.7333333333333333
402,Electronics,434.0104925955185,13,13,4.3076923076923075,13,2,3,7,1,0.23076923076923078,0.2857142857142857,0.14285714285714285,high,0.65,0.8615384615384615
403,Clothing,141.4054370608305,11,11,4.0,11,3,2,4,2,0.18181818181818182,0.75,0.5,low,0.55,0.8
404,Home,94.82961210899974,20,20,3.4,20,5,5,6,4,0.25,0.8333333333333334,0.6666666666666666,low,1.0,0.6799999999999999
405,Books,216.508638706446,10,10,3.6,10,3,2,4,1,0.2,0.75,0.25,medium,0.5,0.72
406,Clothing,267.9875684470362,13,13,3.769230769230769,13,2,2,6,3,0.15384615384615385,0.3333333333333333,0.5,medium,0.65,0.7538461538461538
407,Sports,493.5242566477356,6,6,4.666666666666667,6,0,1,4,1,0.16666666666666666,0.0,0.25,high,0.3,0.9333333333333333
408,Sports,263.23919363471657,12,12,4.166666666666667,12,3,0,9,0,0.0,0.3333333333333333,0.0,medium,0.6,0.8333333333333334
409,Sports,280.6926618088175,8,8,2.75,8,4,1,3,0,0.125,1.3333333333333333,0.0,medium,0.4,0.55
410,Electronics,199.3086710176796,14,14,3.5,14,2,4,7,1,0.2857142857142857,0.2857142857142857,0.14285714285714285,medium,0.7,0.7
411,Electronics,99.4161882318177,10,10,4.1,10,4,0,5,1,0.0,0.8,0.2,low,0.5,0.82
412,Books,288.8080724025566,9,9,4.444444444444445,9,1,1,7,0,0.1111111111111111,0.14285714285714285,0.0,medium,0.45,0.888888888888889
413,Clothing,370.3681802650549,11,11,3.3636363636363638,11,2,3,5,1,0.2727272727272727,0.4,0.2,high,0.55,0.6727272727272727
414,Sports,118.97753541622858,6,6,4.333333333333333,6,0,1,4,1,0.16666666666666666,0.0,0.25,low,0.3,0.8666666666666666
415,Books,201.9848646915728,11,11,4.181818181818182,11,2,2,5,2,0.18181818181818182,0.4,0.4,medium,0.55,0.8363636363636363
416,Books,457.4852578267236,10,10,3.5,10,2,3,4,1,0.3,0.5,0.25,high,0.5,0.7
417,Books,339.2914341410031,11,11,3.727272727272727,11,2,2,7,0,0.18181818181818182,0.2857142857142857,0.0,medium,0.55,0.7454545454545454
418,Books,272.0926896162698,13,13,4.153846153846154,13,4,1,7,1,0.07692307692307693,0.5714285714285714,0.14285714285714285,medium,0.65,0.8307692307692308
419,Sports,203.26276041574064,10,10,3.8,10,3,2,4,1,0.2,0.75,0.25,medium,0.5,0.76
420,Clothing,435.22330910127454,12,12,3.5833333333333335,12,2,4,6,0,0.3333333333333333,0.3333333333333333,0.0,high,0.6,0.7166666666666667
421,Sports,403.0219009612013,9,9,4.0,9,3,2,3,1,0.2222222222222222,1.0,0.3333333333333333,high,0.45,0.8
422,Clothing,336.08151140436206,10,10,3.6,10,2,2,6,0,0.2,0.3333333333333333,0.0,medium,0.5,0.72
423,Sports,248.96487054633104,10,10,3.1,10,1,2,5,2,0.2,0.2,0.4,medium,0.5,0.62
424,Electronics,73.09894779331921,16,16,4.25,16,1,2,11,2,0.125,0.09090909090909091,0.18181818181818182,low,0.8,0.85
425,Clothing,367.5922791346697,18,18,3.9444444444444446,18,5,2,9,2,0.1111111111111111,0.5555555555555556,0.2222222222222222,high,0.9,0.788888888888889
426,Clothing,375.51137565200304,13,13,3.5384615384615383,13,1,2,8,2,0.15384615384615385,0.125,0.25,high,0.65,0.7076923076923076
427,Clothing,315.6513692525148,14,14,3.857142857142857,14,0,7,6,1,0.5,0.0,0.16666666666666666,medium,0.7,0.7714285714285715
428,Home,99.13395434423792,7,7,3.857142857142857,7,2,0,5,0,0.0,0.4,0.0,low,0.35,0.7714285714285715
429,Home,234.11453115224955,12,12,4.083333333333333,12,2,3,7,0,0.25,0.2857142857142857,0.0,medium,0.6,0.8166666666666667
430,Clothing,160.81013535875212,6,6,4.166666666666667,6,2,0,2,2,0.0,1.0,1.0,low,0.3,0.8333333333333334
431,Sports,91.4411870535095,7,7,3.2857142857142856,7,0,0,6,1,0.0,0.0,0.16666666666666666,low,0.35,0.6571428571428571
432,Books,32.51989086147567,13,13,3.923076923076923,13,1,3,8,1,0.23076923076923078,0.125,0.125,low,0.65,0.7846153846153846
433,Electronics,325.8321154882232,7,7,3.7142857142857144,7,2,2,3,0,0.2857142857142857,0.6666666666666666,0.0,medium,0.35,0.7428571428571429
434,Home,103.53167561851332,11,11,3.8181818181818183,11,3,3,5,0,0.2727272727272727,0.6,0.0,low,0.55,0.7636363636363637
435,Electronics,32.65712947889641,9,9,4.0,9,0,2,6,1,0.2222222222222222,0.0,0.16666666666666666,low,0.45,0.8
436,Sports,482.3288461016047,11,11,3.8181818181818183,11,3,1,2,5,0.09090909090909091,1.5,2.5,high,0.55,0.7636363636363637
437,Electronics,345.68622085902456,11,11,4.090909090909091,11,1,1,8,1,0.09090909090909091,0.125,0.125,medium,0.55,0.8181818181818181
438,Clothing,343.93341097818444,5,5,4.0,5,2,0,3,0,0.0,0.6666666666666666,0.0,medium,0.25,0.8
439,Home,19.076674973497006,16,16,4.3125,16,5,3,3,5,0.1875,1.6666666666666667,1.6666666666666667,low,0.8,0.8625
440,Clothing,288.6736880158406,16,16,4.0625,16,4,2,10,0,0.125,0.4,0.0,medium,0.8,0.8125
441,Home,296.14624972743167,11,11,3.8181818181818183,11,4,2,4,1,0.18181818181818182,1.0,0.25,medium,0.55,0.7636363636363637
442,Home,186.46763188524895,10,10,3.4,10,2,0,8,0,0.0,0.25,0.0,low,0.5,0.6799999999999999
443,Home,361.84521399803606,12,12,3.0833333333333335,12,3,1,7,1,0.08333333333333333,0.42857142857142855,0.14285714285714285,high,0.6,0.6166666666666667
444,Books,322.18898072559125,9,9,4.666666666666667,9,2,2,4,1,0.2222222222222222,0.5,0.25,medium,0.45,0.9333333333333333
445,Electronics,40.04060497883789,5,5,3.4,5,1,2,2,0,0.4,0.5,0.0,low,0.25,0.6799999999999999
446,Home,462.9126719292704,11,11,3.5454545454545454,11,4,1,5,1,0.09090909090909091,0.8,0.2,high,0.55,0.7090909090909091
447,Home,197.7980076611528,11,11,4.090909090909091,11,2,1,7,1,0.09090909090909091,0.2857142857142857,0.14285714285714285,medium,0.55,0.8181818181818181
448,Books,74.25355411256781,11,11,3.5454545454545454,11,2,1,8,0,0.09090909090909091,0.25,0.0,low,0.55,0.7090909090909091
449,Books,437.70434802565313,12,12,4.25,12,3,5,4,0,0.4166666666666667,0.75,0.0,high,0.6,0.85
450,Electronics,72.71959472512026,7,7,3.0,7,0,3,4,0,0.42857142857142855,0.0,0.0,low,0.35,0.6
451,Electronics,263.3084644340388,8,8,4.125,8,3,2,3,0,0.25,1.0,0.0,medium,0.4,0.825
452,Books,268.90029475385546,8,8,3.875,8,0,2,5,1,0.25,0.0,0.2,medium,0.4,0.775
453,Clothing,42.14073595133027,10,10,4.4,10,0,6,4,0,0.6,0.0,0.0,low,0.5,0.8800000000000001
454,Books,112.13652515035804,10,10,4.1,10,1,1,7,1,0.1,0.14285714285714285,0.14285714285714285,low,0.5,0.82
455,Home,385.5585414365923,5,5,4.2,5,0,1,4,0,0.2,0.0,0.0,high,0.25,0.8400000000000001
456,Sports,21.70935574986246,9,9,3.5555555555555554,9,0,3,6,0,0.3333333333333333,0.0,0.0,low,0.45,0.711111111111111
457,Clothing,159.68573342982523,13,13,4.076923076923077,13,3,1,8,1,0.07692307692307693,0.375,0.125,low,0.65,0.8153846153846154
458,Clothing,57.1295651093437,9,9,4.222222222222222,9,2,3,3,1,0.3333333333333333,0.6666666666666666,0.3333333333333333,low,0.45,0.8444444444444444
459,Electronics,481.3275243846454,14,14,3.5,14,4,3,5,2,0.21428571428571427,0.8,0.4,high,0.7,0.7
460,Home,212.43554738756745,13,13,3.5384615384615383,13,3,3,6,1,0.23076923076923078,0.5,0.16666666666666666,medium,0.65,0.7076923076923076
461,Home,181.78003711018204,11,11,3.5454545454545454,11,3,2,3,3,0.18181818181818182,1.0,1.0,low,0.55,0.7090909090909091
462,Books,411.8940261728377,8,8,3.625,8,1,2,3,2,0.25,0.3333333333333333,0.6666666666666666,high,0.4,0.725
463,Books,425.0572393279935,6,6,3.1666666666666665,6,2,1,3,0,0.16666666666666666,0.6666666666666666,0.0,high,0.3,0.6333333333333333
464,Sports,282.0144838732938,7,7,4.0,7,2,2,3,0,0.2857142857142857,0.6666666666666666,0.0,medium,0.35,0.8
465,Books,294.83321819942944,9,9,4.111111111111111,9,3,0,5,1,0.0,0.6,0.2,medium,0.45,0.8222222222222222
466,Electronics,391.7099672134733,3,3,3.6666666666666665,3,0,1,1,1,0.3333333333333333,0.0,1.0,high,0.15,0.7333333333333333
467,Electronics,251.5579383128421,8,8,3.875,8,4,1,3,0,0.125,1.3333333333333333,0.0,medium,0.4,0.775
468,Electronics,382.5385924833888,7,7,3.7142857142857144,7,0,2,3,2,0.2857142857142857,0.0,0.6666666666666666,high,0.35,0.7428571428571429
469,Home,120.30051924557704,14,14,2.9285714285714284,14,2,2,10,0,0.14285714285714285,0.2,0.0,low,0.7,0.5857142857142856
470,Clothing,205.92660137008085,12,12,4.416666666666667,12,1,4,7,0,0.3333333333333333,0.14285714285714285,0.0,medium,0.6,0.8833333333333334
471,Sports,394.4308006931154,11,11,3.0,11,3,3,5,0,0.2727272727272727,0.6,0.0,high,0.55,0.6
472,Sports,229.5303962183416,13,13,3.923076923076923,13,2,4,5,2,0.3076923076923077,0.4,0.4,medium,0.65,0.7846153846153846
473,Sports,293.4396084480515,9,9,3.888888888888889,9,1,0,7,1,0.0,0.14285714285714285,0.14285714285714285,medium,0.45,0.7777777777777778
474,Sports,239.21478129462875,12,12,3.3333333333333335,12,2,2,8,0,0.16666666666666666,0.25,0.0,medium,0.6,0.6666666666666667
475,Clothing,12.113063494713217,9,9,3.5555555555555554,9,4,2,3,0,0.2222222222222222,1.3333333333333333,0.0,low,0.45,0.711111111111111
476,Books,420.1154153575018,9,9,3.888888888888889,9,2,3,3,1,0.3333333333333333,0.6666666666666666,0.3333333333333333,high,0.45,0.7777777777777778
477,Electronics,472.60147358368215,10,10,4.2,10,3,3,3,1,0.3,1.0,0.3333333333333333,high,0.5,0.8400000000000001
478,Sports,177.22026845970083,11,11,4.090909090909091,11,2,3,6,0,0.2727272727272727,0.3333333333333333,0.0,low,0.55,0.8181818181818181
479,Clothing,377.6048026215681,7,7,3.2857142857142856,7,1,0,3,3,0.0,0.3333333333333333,1.0,high,0.35,0.6571428571428571
480,Sports,362.0888280899681,7,7,4.285714285714286,7,0,1,4,2,0.14285714285714285,0.0,0.5,high,0.35,0.8571428571428571
481,Home,448.0267980677571,9,9,4.222222222222222,9,1,0,6,2,0.0,0.16666666666666666,0.3333333333333333,high,0.45,0.8444444444444444
482,Books,430.139496097923,14,14,4.0,14,4,3,6,1,0.21428571428571427,0.6666666666666666,0.16666666666666666,high,0.7,0.8
483,Sports,427.2438749519577,12,12,3.5,12,2,3,6,1,0.25,0.3333333333333333,0.16666666666666666,high,0.6,0.7
484,Sports,56.04591686630323,16,16,4.0625,16,3,8,5,0,0.5,0.6,0.0,low,0.8,0.8125
485,Sports,146.5895110076167,5,5,2.8,5,2,0,3,0,0.0,0.6666666666666666,0.0,low,0.25,0.5599999999999999
486,Sports,470.263924100936,7,7,3.7142857142857144,7,3,1,2,1,0.14285714285714285,1.5,0.5,high,0.35,0.7428571428571429
487,Home,405.409660169029,6,6,3.1666666666666665,6,2,3,1,0,0.5,2.0,0.0,high,0.3,0.6333333333333333
488,Clothing,225.28956643837424,10,10,3.8,10,4,1,3,2,0.1,1.3333333333333333,0.6666666666666666,medium,0.5,0.76
489,Clothing,336.6521694481823,9,9,4.0,9,1,3,4,1,0.3333333333333333,0.25,0.25,medium,0.45,0.8
490,Sports,366.4475502234854,12,12,3.8333333333333335,12,2,2,8,0,0.16666666666666666,0.25,0.0,high,0.6,0.7666666666666667
491,Sports,309.6772737439608,7,7,4.714285714285714,7,2,2,3,0,0.2857142857142857,0.6666666666666666,0.0,medium,0.35,0.9428571428571428
492,Clothing,245.87542586909183,7,7,3.7142857142857144,7,2,0,3,2,0.0,0.6666666666666666,0.6666666666666666,medium,0.35,0.7428571428571429
493,Electronics,155.96103727813488,10,10,3.9,10,3,1,4,2,0.1,0.75,0.5,low,0.5,0.78
494,Books,366.1382722461699,15,15,4.266666666666667,15,2,4,8,1,0.26666666666666666,0.25,0.125,high,0.75,0.8533333333333333
495,Electronics,399.9283671898819,10,10,3.6,10,1,2,4,3,0.2,0.25,0.75,high,0.5,0.72
496,Clothing,389.5699186682935,10,10,3.1,10,2,4,4,0,0.4,0.5,0.0,high,0.5,0.62
497,Sports,224.0508112398977,9,9,4.222222222222222,9,2,2,3,2,0.2222222222222222,0.6666666666666666,0.6666666666666666,medium,0.45,0.8444444444444444
498,Electronics,491.2533324462036,5,5,3.8,5,1,1,3,0,0.2,0.3333333333333333,0.0,high,0.25,0.76
499,Sports,198.9626406444385,9,9,3.7777777777777777,9,1,1,7,0,0.1111111111111111,0.14285714285714285,0.0,medium,0.45,0.7555555555555555
500,Sports,76.21938166270137,9,9,3.7777777777777777,9,3,3,3,0,0.3333333333333333,1.0,0.0,low,0.45,0.7555555555555555
