user_index,user_id
0,1
1,2
2,3
3,4
4,5
5,6
6,7
7,8
8,9
9,10
10,11
11,12
12,13
13,14
14,15
15,16
16,17
17,18
18,20
19,21
20,22
21,23
22,24
23,25
24,26
25,27
26,28
27,29
28,30
29,31
30,32
31,33
32,34
33,35
34,36
35,37
36,38
37,39
38,40
39,41
40,42
41,43
42,45
43,46
44,47
45,48
46,49
47,50
48,51
49,52
50,53
51,54
52,55
53,56
54,57
55,58
56,59
57,60
58,61
59,62
60,63
61,64
62,65
63,66
64,67
65,68
66,69
67,70
68,71
69,72
70,73
71,74
72,75
73,76
74,77
75,78
76,79
77,80
78,81
79,82
80,83
81,84
82,85
83,86
84,87
85,88
86,89
87,90
88,91
89,92
90,93
91,94
92,95
93,96
94,97
95,98
96,99
97,100
98,101
99,102
100,103
101,104
102,105
103,106
104,107
105,108
106,109
107,110
108,111
109,112
110,113
111,114
112,115
113,116
114,117
115,118
116,119
117,120
118,121
119,122
120,123
121,124
122,125
123,126
124,127
125,128
126,129
127,130
128,131
129,132
130,133
131,134
132,135
133,136
134,138
135,139
136,140
137,141
138,142
139,143
140,144
141,145
142,146
143,147
144,148
145,149
146,150
147,151
148,152
149,153
150,154
151,155
152,156
153,157
154,158
155,159
156,160
157,161
158,162
159,163
160,164
161,165
162,166
163,167
164,168
165,169
166,170
167,171
168,172
169,173
170,174
171,175
172,176
173,177
174,178
175,179
176,180
177,182
178,183
179,184
180,185
181,186
182,187
183,188
184,189
185,190
186,191
187,192
188,193
189,194
190,195
191,196
192,197
193,198
194,199
195,200
196,201
197,202
198,203
199,204
200,205
201,206
202,207
203,208
204,209
205,210
206,211
207,212
208,213
209,214
210,215
211,216
212,217
213,218
214,219
215,220
216,221
217,222
218,223
219,224
220,225
221,226
222,227
223,228
224,229
225,230
226,231
227,232
228,233
229,234
230,235
231,236
232,237
233,238
234,239
235,240
236,241
237,242
238,243
239,244
240,245
241,246
242,247
243,248
244,249
245,250
246,251
247,252
248,253
249,254
250,255
251,256
252,257
253,258
254,259
255,260
256,261
257,262
258,263
259,264
260,265
261,266
262,267
263,268
264,269
265,270
266,271
267,272
268,273
269,274
270,275
271,276
272,277
273,278
274,279
275,280
276,281
277,282
278,283
279,284
280,285
281,286
282,287
283,288
284,289
285,290
286,291
287,292
288,293
289,294
290,295
291,296
292,297
293,298
294,299
295,300
296,301
297,302
298,303
299,304
300,305
301,306
302,307
303,308
304,309
305,310
306,311
307,312
308,313
309,314
310,315
311,316
312,317
313,318
314,319
315,320
316,321
317,322
318,323
319,324
320,325
321,326
322,327
323,328
324,329
325,330
326,331
327,332
328,333
329,334
330,335
331,336
332,337
333,338
334,339
335,340
336,341
337,342
338,343
339,344
340,345
341,346
342,347
343,348
344,349
345,350
346,351
347,352
348,353
349,354
350,355
351,356
352,357
353,358
354,359
355,360
356,361
357,362
358,363
359,364
360,365
361,366
362,367
363,368
364,369
365,370
366,371
367,372
368,373
369,374
370,375
371,376
372,377
373,378
374,379
375,380
376,381
377,382
378,383
379,384
380,385
381,386
382,387
383,388
384,389
385,390
386,391
387,392
388,393
389,394
390,395
391,396
392,397
393,398
394,399
395,400
396,401
397,402
398,403
399,404
400,405
401,406
402,408
403,409
404,410
405,411
406,412
407,413
408,414
409,415
410,416
411,417
412,418
413,419
414,420
415,421
416,422
417,423
418,424
419,425
420,426
421,427
422,428
423,429
424,430
425,431
426,432
427,433
428,434
429,435
430,436
431,437
432,438
433,439
434,440
435,441
436,442
437,443
438,444
439,445
440,446
441,447
442,448
443,449
444,450
445,451
446,452
447,453
448,454
449,455
450,456
451,457
452,458
453,459
454,460
455,461
456,462
457,463
458,464
459,465
460,466
461,467
462,468
463,469
464,470
465,471
466,472
467,473
468,474
469,475
470,476
471,477
472,478
473,479
474,480
475,481
476,482
477,483
478,484
479,485
480,486
481,487
482,488
483,489
484,490
485,491
486,492
487,493
488,494
489,495
490,496
491,497
492,498
493,499
494,500
495,501
496,502
497,503
498,504
499,505
500,506
501,507
502,508
503,509
504,510
505,511
506,512
507,513
508,514
509,515
510,516
511,517
512,518
513,519
514,520
515,521
516,522
517,523
518,524
519,525
520,526
521,527
522,528
523,529
524,530
525,531
526,532
527,533
528,534
529,535
530,536
531,537
532,538
533,539
534,540
535,541
536,542
537,543
538,544
539,545
540,546
541,547
542,548
543,549
544,550
545,551
546,552
547,553
548,554
549,555
550,556
551,557
552,558
553,559
554,560
555,561
556,562
557,563
558,564
559,565
560,566
561,567
562,568
563,569
564,570
565,571
566,572
567,573
568,574
569,575
570,576
571,577
572,578
573,579
574,580
575,581
576,582
577,583
578,584
579,585
580,586
581,587
582,588
583,589
584,590
585,591
586,592
587,593
588,594
589,595
590,596
591,597
592,598
593,599
594,600
595,601
596,602
597,603
598,604
599,605
600,606
601,607
602,608
603,609
604,610
605,611
606,612
607,613
608,614
609,615
610,616
611,617
612,618
613,619
614,620
615,621
616,622
617,623
618,624
619,625
620,626
621,627
622,628
623,629
624,630
625,631
626,632
627,633
628,634
629,635
630,636
631,637
632,638
633,639
634,640
635,641
636,642
637,643
638,644
639,645
640,646
641,647
642,648
643,649
644,650
645,651
646,652
647,653
648,654
649,655
650,656
651,657
652,658
653,659
654,660
655,661
656,662
657,663
658,664
659,665
660,666
661,667
662,668
663,669
664,670
665,671
666,672
667,673
668,674
669,675
670,676
671,677
672,678
673,679
674,680
675,681
676,682
677,683
678,684
679,685
680,686
681,687
682,688
683,689
684,690
685,691
686,692
687,693
688,694
689,695
690,696
691,697
692,698
693,699
694,700
695,701
696,702
697,703
698,704
699,705
700,706
701,707
702,708
703,709
704,710
705,711
706,712
707,713
708,714
709,715
710,716
711,717
712,718
713,719
714,720
715,721
716,722
717,723
718,724
719,725
720,726
721,727
722,728
723,729
724,730
725,731
726,732
727,733
728,734
729,735
730,736
731,737
732,738
733,739
734,740
735,741
736,742
737,743
738,744
739,745
740,746
741,747
742,748
743,749
744,750
745,751
746,752
747,753
748,754
749,755
750,756
751,757
752,758
753,759
754,760
755,761
756,762
757,763
758,764
759,765
760,766
761,767
762,768
763,769
764,770
765,771
766,772
767,773
768,774
769,775
770,776
771,777
772,778
773,779
774,780
775,781
776,782
777,783
778,784
779,785
780,786
781,787
782,788
783,789
784,790
785,791
786,792
787,793
788,794
789,795
790,796
791,797
792,798
793,799
794,800
795,801
796,802
797,803
798,804
799,805
800,806
801,807
802,808
803,809
804,810
805,811
806,812
807,813
808,814
809,815
810,816
811,817
812,818
813,819
814,820
815,821
816,822
817,823
818,824
819,825
820,826
821,827
822,828
823,829
824,830
825,831
826,832
827,833
828,834
829,835
830,836
831,837
832,838
833,839
834,840
835,841
836,842
837,843
838,844
839,845
840,846
841,847
842,848
843,849
844,850
845,851
846,852
847,853
848,854
849,855
850,856
851,857
852,858
853,859
854,860
855,861
856,862
857,864
858,865
859,866
860,867
861,868
862,869
863,870
864,871
865,872
866,873
867,874
868,875
869,876
870,877
871,878
872,879
873,880
874,881
875,882
876,883
877,884
878,885
879,886
880,887
881,888
882,889
883,890
884,891
885,892
886,893
887,894
888,895
889,896
890,897
891,898
892,899
893,900
894,901
895,902
896,903
897,904
898,905
899,906
900,907
901,908
902,909
903,910
904,911
905,912
906,913
907,914
908,915
909,916
910,917
911,918
912,919
913,920
914,921
915,922
916,923
917,924
918,925
919,926
920,927
921,928
922,929
923,930
924,931
925,932
926,933
927,934
928,935
929,936
930,937
931,938
932,939
933,940
934,941
935,942
936,943
937,944
938,945
939,946
940,947
941,948
942,949
943,950
944,951
945,952
946,953
947,954
948,955
949,956
950,957
951,958
952,959
953,960
954,961
955,962
956,963
957,964
958,965
959,966
960,967
961,968
962,969
963,970
964,971
965,972
966,973
967,974
968,975
969,976
970,977
971,978
972,979
973,980
974,981
975,982
976,983
977,984
978,985
979,986
980,987
981,988
982,989
983,990
984,991
985,992
986,993
987,994
988,995
989,996
990,997
991,998
992,999
993,1000
