user_id,username,signup_date,country
1,user_1,2023-01-01 00:00:00,USA
2,user_2,2023-01-01 01:00:00,USA
3,user_3,2023-01-01 02:00:00,USA
4,user_4,2023-01-01 03:00:00,UK
5,user_5,2023-01-01 04:00:00,Germany
6,user_6,2023-01-01 05:00:00,UK
7,user_7,2023-01-01 06:00:00,India
8,user_8,2023-01-01 07:00:00,Germany
9,user_9,2023-01-01 08:00:00,UK
10,user_10,2023-01-01 09:00:00,USA
11,user_11,2023-01-01 10:00:00,UK
12,user_12,2023-01-01 11:00:00,USA
13,user_13,2023-01-01 12:00:00,India
14,user_14,2023-01-01 13:00:00,Canada
15,user_15,2023-01-01 14:00:00,Canada
16,user_16,2023-01-01 15:00:00,UK
17,user_17,2023-01-01 16:00:00,India
18,user_18,2023-01-01 17:00:00,Germany
19,user_19,2023-01-01 18:00:00,India
20,user_20,2023-01-01 19:00:00,USA
21,user_21,2023-01-01 20:00:00,UK
22,user_22,2023-01-01 21:00:00,India
23,user_23,2023-01-01 22:00:00,USA
24,user_24,2023-01-01 23:00:00,Germany
25,user_25,2023-01-02 00:00:00,Germany
26,user_26,2023-01-02 01:00:00,USA
27,user_27,2023-01-02 02:00:00,Germany
28,user_28,2023-01-02 03:00:00,Canada
29,user_29,2023-01-02 04:00:00,Canada
30,user_30,2023-01-02 05:00:00,USA
31,user_31,2023-01-02 06:00:00,UK
32,user_32,2023-01-02 07:00:00,USA
33,user_33,2023-01-02 08:00:00,Canada
34,user_34,2023-01-02 09:00:00,India
35,user_35,2023-01-02 10:00:00,India
36,user_36,2023-01-02 11:00:00,Canada
37,user_37,2023-01-02 12:00:00,UK
38,user_38,2023-01-02 13:00:00,UK
39,user_39,2023-01-02 14:00:00,USA
40,user_40,2023-01-02 15:00:00,India
41,user_41,2023-01-02 16:00:00,Canada
42,user_42,2023-01-02 17:00:00,India
43,user_43,2023-01-02 18:00:00,Canada
44,user_44,2023-01-02 19:00:00,USA
45,user_45,2023-01-02 20:00:00,Germany
46,user_46,2023-01-02 21:00:00,Germany
47,user_47,2023-01-02 22:00:00,Canada
48,user_48,2023-01-02 23:00:00,Canada
49,user_49,2023-01-03 00:00:00,Germany
50,user_50,2023-01-03 01:00:00,Germany
51,user_51,2023-01-03 02:00:00,Canada
52,user_52,2023-01-03 03:00:00,India
53,user_53,2023-01-03 04:00:00,Canada
54,user_54,2023-01-03 05:00:00,Canada
55,user_55,2023-01-03 06:00:00,USA
56,user_56,2023-01-03 07:00:00,Germany
57,user_57,2023-01-03 08:00:00,UK
58,user_58,2023-01-03 09:00:00,India
59,user_59,2023-01-03 10:00:00,Germany
60,user_60,2023-01-03 11:00:00,India
61,user_61,2023-01-03 12:00:00,Germany
62,user_62,2023-01-03 13:00:00,India
63,user_63,2023-01-03 14:00:00,Canada
64,user_64,2023-01-03 15:00:00,Canada
65,user_65,2023-01-03 16:00:00,Germany
66,user_66,2023-01-03 17:00:00,USA
67,user_67,2023-01-03 18:00:00,Canada
68,user_68,2023-01-03 19:00:00,Germany
69,user_69,2023-01-03 20:00:00,India
70,user_70,2023-01-03 21:00:00,UK
71,user_71,2023-01-03 22:00:00,India
72,user_72,2023-01-03 23:00:00,USA
73,user_73,2023-01-04 00:00:00,UK
74,user_74,2023-01-04 01:00:00,Canada
75,user_75,2023-01-04 02:00:00,India
76,user_76,2023-01-04 03:00:00,Canada
77,user_77,2023-01-04 04:00:00,India
78,user_78,2023-01-04 05:00:00,India
79,user_79,2023-01-04 06:00:00,UK
80,user_80,2023-01-04 07:00:00,Germany
81,user_81,2023-01-04 08:00:00,USA
82,user_82,2023-01-04 09:00:00,Germany
83,user_83,2023-01-04 10:00:00,Canada
84,user_84,2023-01-04 11:00:00,India
85,user_85,2023-01-04 12:00:00,India
86,user_86,2023-01-04 13:00:00,UK
87,user_87,2023-01-04 14:00:00,UK
88,user_88,2023-01-04 15:00:00,Canada
89,user_89,2023-01-04 16:00:00,USA
90,user_90,2023-01-04 17:00:00,USA
91,user_91,2023-01-04 18:00:00,Canada
92,user_92,2023-01-04 19:00:00,Germany
93,user_93,2023-01-04 20:00:00,UK
94,user_94,2023-01-04 21:00:00,UK
95,user_95,2023-01-04 22:00:00,Germany
96,user_96,2023-01-04 23:00:00,India
97,user_97,2023-01-05 00:00:00,Germany
98,user_98,2023-01-05 01:00:00,Canada
99,user_99,2023-01-05 02:00:00,UK
100,user_100,2023-01-05 03:00:00,Canada
101,user_101,2023-01-05 04:00:00,USA
102,user_102,2023-01-05 05:00:00,USA
103,user_103,2023-01-05 06:00:00,USA
104,user_104,2023-01-05 07:00:00,UK
105,user_105,2023-01-05 08:00:00,UK
106,user_106,2023-01-05 09:00:00,USA
107,user_107,2023-01-05 10:00:00,USA
108,user_108,2023-01-05 11:00:00,UK
109,user_109,2023-01-05 12:00:00,Canada
110,user_110,2023-01-05 13:00:00,UK
111,user_111,2023-01-05 14:00:00,Germany
112,user_112,2023-01-05 15:00:00,India
113,user_113,2023-01-05 16:00:00,Canada
114,user_114,2023-01-05 17:00:00,Canada
115,user_115,2023-01-05 18:00:00,UK
116,user_116,2023-01-05 19:00:00,Canada
117,user_117,2023-01-05 20:00:00,UK
118,user_118,2023-01-05 21:00:00,Canada
119,user_119,2023-01-05 22:00:00,Canada
120,user_120,2023-01-05 23:00:00,Germany
121,user_121,2023-01-06 00:00:00,Germany
122,user_122,2023-01-06 01:00:00,Germany
123,user_123,2023-01-06 02:00:00,India
124,user_124,2023-01-06 03:00:00,UK
125,user_125,2023-01-06 04:00:00,UK
126,user_126,2023-01-06 05:00:00,UK
127,user_127,2023-01-06 06:00:00,India
128,user_128,2023-01-06 07:00:00,UK
129,user_129,2023-01-06 08:00:00,Germany
130,user_130,2023-01-06 09:00:00,Germany
131,user_131,2023-01-06 10:00:00,USA
132,user_132,2023-01-06 11:00:00,India
133,user_133,2023-01-06 12:00:00,UK
134,user_134,2023-01-06 13:00:00,USA
135,user_135,2023-01-06 14:00:00,UK
136,user_136,2023-01-06 15:00:00,UK
137,user_137,2023-01-06 16:00:00,Germany
138,user_138,2023-01-06 17:00:00,India
139,user_139,2023-01-06 18:00:00,Canada
140,user_140,2023-01-06 19:00:00,USA
141,user_141,2023-01-06 20:00:00,USA
142,user_142,2023-01-06 21:00:00,India
143,user_143,2023-01-06 22:00:00,Germany
144,user_144,2023-01-06 23:00:00,India
145,user_145,2023-01-07 00:00:00,Canada
146,user_146,2023-01-07 01:00:00,India
147,user_147,2023-01-07 02:00:00,India
148,user_148,2023-01-07 03:00:00,USA
149,user_149,2023-01-07 04:00:00,India
150,user_150,2023-01-07 05:00:00,Germany
151,user_151,2023-01-07 06:00:00,UK
152,user_152,2023-01-07 07:00:00,USA
153,user_153,2023-01-07 08:00:00,Canada
154,user_154,2023-01-07 09:00:00,Germany
155,user_155,2023-01-07 10:00:00,UK
156,user_156,2023-01-07 11:00:00,Canada
157,user_157,2023-01-07 12:00:00,India
158,user_158,2023-01-07 13:00:00,India
159,user_159,2023-01-07 14:00:00,UK
160,user_160,2023-01-07 15:00:00,USA
161,user_161,2023-01-07 16:00:00,USA
162,user_162,2023-01-07 17:00:00,India
163,user_163,2023-01-07 18:00:00,Canada
164,user_164,2023-01-07 19:00:00,Germany
165,user_165,2023-01-07 20:00:00,USA
166,user_166,2023-01-07 21:00:00,USA
167,user_167,2023-01-07 22:00:00,UK
168,user_168,2023-01-07 23:00:00,India
169,user_169,2023-01-08 00:00:00,Canada
170,user_170,2023-01-08 01:00:00,UK
171,user_171,2023-01-08 02:00:00,Germany
172,user_172,2023-01-08 03:00:00,Canada
173,user_173,2023-01-08 04:00:00,Canada
174,user_174,2023-01-08 05:00:00,UK
175,user_175,2023-01-08 06:00:00,Canada
176,user_176,2023-01-08 07:00:00,UK
177,user_177,2023-01-08 08:00:00,India
178,user_178,2023-01-08 09:00:00,India
179,user_179,2023-01-08 10:00:00,UK
180,user_180,2023-01-08 11:00:00,Canada
181,user_181,2023-01-08 12:00:00,Germany
182,user_182,2023-01-08 13:00:00,Germany
183,user_183,2023-01-08 14:00:00,Canada
184,user_184,2023-01-08 15:00:00,Canada
185,user_185,2023-01-08 16:00:00,India
186,user_186,2023-01-08 17:00:00,Canada
187,user_187,2023-01-08 18:00:00,UK
188,user_188,2023-01-08 19:00:00,UK
189,user_189,2023-01-08 20:00:00,India
190,user_190,2023-01-08 21:00:00,India
191,user_191,2023-01-08 22:00:00,Germany
192,user_192,2023-01-08 23:00:00,USA
193,user_193,2023-01-09 00:00:00,Canada
194,user_194,2023-01-09 01:00:00,Canada
195,user_195,2023-01-09 02:00:00,Germany
196,user_196,2023-01-09 03:00:00,Canada
197,user_197,2023-01-09 04:00:00,USA
198,user_198,2023-01-09 05:00:00,Canada
199,user_199,2023-01-09 06:00:00,UK
200,user_200,2023-01-09 07:00:00,Canada
201,user_201,2023-01-09 08:00:00,Germany
202,user_202,2023-01-09 09:00:00,Germany
203,user_203,2023-01-09 10:00:00,UK
204,user_204,2023-01-09 11:00:00,USA
205,user_205,2023-01-09 12:00:00,UK
206,user_206,2023-01-09 13:00:00,India
207,user_207,2023-01-09 14:00:00,Germany
208,user_208,2023-01-09 15:00:00,USA
209,user_209,2023-01-09 16:00:00,Canada
210,user_210,2023-01-09 17:00:00,USA
211,user_211,2023-01-09 18:00:00,USA
212,user_212,2023-01-09 19:00:00,USA
213,user_213,2023-01-09 20:00:00,Canada
214,user_214,2023-01-09 21:00:00,Canada
215,user_215,2023-01-09 22:00:00,UK
216,user_216,2023-01-09 23:00:00,USA
217,user_217,2023-01-10 00:00:00,Canada
218,user_218,2023-01-10 01:00:00,India
219,user_219,2023-01-10 02:00:00,Germany
220,user_220,2023-01-10 03:00:00,Germany
221,user_221,2023-01-10 04:00:00,UK
222,user_222,2023-01-10 05:00:00,India
223,user_223,2023-01-10 06:00:00,USA
224,user_224,2023-01-10 07:00:00,Germany
225,user_225,2023-01-10 08:00:00,USA
226,user_226,2023-01-10 09:00:00,USA
227,user_227,2023-01-10 10:00:00,USA
228,user_228,2023-01-10 11:00:00,UK
229,user_229,2023-01-10 12:00:00,India
230,user_230,2023-01-10 13:00:00,Canada
231,user_231,2023-01-10 14:00:00,UK
232,user_232,2023-01-10 15:00:00,India
233,user_233,2023-01-10 16:00:00,Canada
234,user_234,2023-01-10 17:00:00,USA
235,user_235,2023-01-10 18:00:00,Germany
236,user_236,2023-01-10 19:00:00,Germany
237,user_237,2023-01-10 20:00:00,India
238,user_238,2023-01-10 21:00:00,Canada
239,user_239,2023-01-10 22:00:00,Germany
240,user_240,2023-01-10 23:00:00,USA
241,user_241,2023-01-11 00:00:00,UK
242,user_242,2023-01-11 01:00:00,India
243,user_243,2023-01-11 02:00:00,Germany
244,user_244,2023-01-11 03:00:00,India
245,user_245,2023-01-11 04:00:00,Germany
246,user_246,2023-01-11 05:00:00,UK
247,user_247,2023-01-11 06:00:00,India
248,user_248,2023-01-11 07:00:00,Germany
249,user_249,2023-01-11 08:00:00,Canada
250,user_250,2023-01-11 09:00:00,Germany
251,user_251,2023-01-11 10:00:00,Canada
252,user_252,2023-01-11 11:00:00,USA
253,user_253,2023-01-11 12:00:00,Germany
254,user_254,2023-01-11 13:00:00,Germany
255,user_255,2023-01-11 14:00:00,UK
256,user_256,2023-01-11 15:00:00,Canada
257,user_257,2023-01-11 16:00:00,Canada
258,user_258,2023-01-11 17:00:00,Canada
259,user_259,2023-01-11 18:00:00,UK
260,user_260,2023-01-11 19:00:00,India
261,user_261,2023-01-11 20:00:00,Canada
262,user_262,2023-01-11 21:00:00,USA
263,user_263,2023-01-11 22:00:00,India
264,user_264,2023-01-11 23:00:00,USA
265,user_265,2023-01-12 00:00:00,UK
266,user_266,2023-01-12 01:00:00,USA
267,user_267,2023-01-12 02:00:00,UK
268,user_268,2023-01-12 03:00:00,UK
269,user_269,2023-01-12 04:00:00,Canada
270,user_270,2023-01-12 05:00:00,India
271,user_271,2023-01-12 06:00:00,India
272,user_272,2023-01-12 07:00:00,UK
273,user_273,2023-01-12 08:00:00,India
274,user_274,2023-01-12 09:00:00,Canada
275,user_275,2023-01-12 10:00:00,Germany
276,user_276,2023-01-12 11:00:00,India
277,user_277,2023-01-12 12:00:00,USA
278,user_278,2023-01-12 13:00:00,Germany
279,user_279,2023-01-12 14:00:00,Canada
280,user_280,2023-01-12 15:00:00,Canada
281,user_281,2023-01-12 16:00:00,UK
282,user_282,2023-01-12 17:00:00,USA
283,user_283,2023-01-12 18:00:00,USA
284,user_284,2023-01-12 19:00:00,UK
285,user_285,2023-01-12 20:00:00,India
286,user_286,2023-01-12 21:00:00,UK
287,user_287,2023-01-12 22:00:00,Germany
288,user_288,2023-01-12 23:00:00,USA
289,user_289,2023-01-13 00:00:00,Germany
290,user_290,2023-01-13 01:00:00,USA
291,user_291,2023-01-13 02:00:00,India
292,user_292,2023-01-13 03:00:00,UK
293,user_293,2023-01-13 04:00:00,India
294,user_294,2023-01-13 05:00:00,Canada
295,user_295,2023-01-13 06:00:00,Germany
296,user_296,2023-01-13 07:00:00,Germany
297,user_297,2023-01-13 08:00:00,India
298,user_298,2023-01-13 09:00:00,USA
299,user_299,2023-01-13 10:00:00,Germany
300,user_300,2023-01-13 11:00:00,Canada
301,user_301,2023-01-13 12:00:00,USA
302,user_302,2023-01-13 13:00:00,India
303,user_303,2023-01-13 14:00:00,Germany
304,user_304,2023-01-13 15:00:00,Canada
305,user_305,2023-01-13 16:00:00,Germany
306,user_306,2023-01-13 17:00:00,USA
307,user_307,2023-01-13 18:00:00,India
308,user_308,2023-01-13 19:00:00,India
309,user_309,2023-01-13 20:00:00,Germany
310,user_310,2023-01-13 21:00:00,India
311,user_311,2023-01-13 22:00:00,USA
312,user_312,2023-01-13 23:00:00,USA
313,user_313,2023-01-14 00:00:00,Canada
314,user_314,2023-01-14 01:00:00,Canada
315,user_315,2023-01-14 02:00:00,Canada
316,user_316,2023-01-14 03:00:00,USA
317,user_317,2023-01-14 04:00:00,Canada
318,user_318,2023-01-14 05:00:00,Canada
319,user_319,2023-01-14 06:00:00,UK
320,user_320,2023-01-14 07:00:00,Germany
321,user_321,2023-01-14 08:00:00,USA
322,user_322,2023-01-14 09:00:00,Germany
323,user_323,2023-01-14 10:00:00,Germany
324,user_324,2023-01-14 11:00:00,Germany
325,user_325,2023-01-14 12:00:00,UK
326,user_326,2023-01-14 13:00:00,UK
327,user_327,2023-01-14 14:00:00,India
328,user_328,2023-01-14 15:00:00,Canada
329,user_329,2023-01-14 16:00:00,UK
330,user_330,2023-01-14 17:00:00,USA
331,user_331,2023-01-14 18:00:00,India
332,user_332,2023-01-14 19:00:00,India
333,user_333,2023-01-14 20:00:00,UK
334,user_334,2023-01-14 21:00:00,USA
335,user_335,2023-01-14 22:00:00,India
336,user_336,2023-01-14 23:00:00,USA
337,user_337,2023-01-15 00:00:00,India
338,user_338,2023-01-15 01:00:00,India
339,user_339,2023-01-15 02:00:00,Germany
340,user_340,2023-01-15 03:00:00,UK
341,user_341,2023-01-15 04:00:00,Canada
342,user_342,2023-01-15 05:00:00,USA
343,user_343,2023-01-15 06:00:00,UK
344,user_344,2023-01-15 07:00:00,Canada
345,user_345,2023-01-15 08:00:00,Canada
346,user_346,2023-01-15 09:00:00,India
347,user_347,2023-01-15 10:00:00,UK
348,user_348,2023-01-15 11:00:00,USA
349,user_349,2023-01-15 12:00:00,India
350,user_350,2023-01-15 13:00:00,Canada
351,user_351,2023-01-15 14:00:00,India
352,user_352,2023-01-15 15:00:00,UK
353,user_353,2023-01-15 16:00:00,Canada
354,user_354,2023-01-15 17:00:00,USA
355,user_355,2023-01-15 18:00:00,Canada
356,user_356,2023-01-15 19:00:00,India
357,user_357,2023-01-15 20:00:00,Germany
358,user_358,2023-01-15 21:00:00,UK
359,user_359,2023-01-15 22:00:00,USA
360,user_360,2023-01-15 23:00:00,Germany
361,user_361,2023-01-16 00:00:00,UK
362,user_362,2023-01-16 01:00:00,Canada
363,user_363,2023-01-16 02:00:00,India
364,user_364,2023-01-16 03:00:00,Canada
365,user_365,2023-01-16 04:00:00,Canada
366,user_366,2023-01-16 05:00:00,Canada
367,user_367,2023-01-16 06:00:00,Germany
368,user_368,2023-01-16 07:00:00,India
369,user_369,2023-01-16 08:00:00,Canada
370,user_370,2023-01-16 09:00:00,USA
371,user_371,2023-01-16 10:00:00,Canada
372,user_372,2023-01-16 11:00:00,Germany
373,user_373,2023-01-16 12:00:00,India
374,user_374,2023-01-16 13:00:00,UK
375,user_375,2023-01-16 14:00:00,India
376,user_376,2023-01-16 15:00:00,USA
377,user_377,2023-01-16 16:00:00,India
378,user_378,2023-01-16 17:00:00,Canada
379,user_379,2023-01-16 18:00:00,Germany
380,user_380,2023-01-16 19:00:00,USA
381,user_381,2023-01-16 20:00:00,Canada
382,user_382,2023-01-16 21:00:00,UK
383,user_383,2023-01-16 22:00:00,India
384,user_384,2023-01-16 23:00:00,Canada
385,user_385,2023-01-17 00:00:00,UK
386,user_386,2023-01-17 01:00:00,USA
387,user_387,2023-01-17 02:00:00,USA
388,user_388,2023-01-17 03:00:00,India
389,user_389,2023-01-17 04:00:00,Canada
390,user_390,2023-01-17 05:00:00,Germany
391,user_391,2023-01-17 06:00:00,India
392,user_392,2023-01-17 07:00:00,Germany
393,user_393,2023-01-17 08:00:00,UK
394,user_394,2023-01-17 09:00:00,Canada
395,user_395,2023-01-17 10:00:00,Canada
396,user_396,2023-01-17 11:00:00,USA
397,user_397,2023-01-17 12:00:00,India
398,user_398,2023-01-17 13:00:00,USA
399,user_399,2023-01-17 14:00:00,UK
400,user_400,2023-01-17 15:00:00,USA
401,user_401,2023-01-17 16:00:00,India
402,user_402,2023-01-17 17:00:00,Germany
403,user_403,2023-01-17 18:00:00,USA
404,user_404,2023-01-17 19:00:00,USA
405,user_405,2023-01-17 20:00:00,USA
406,user_406,2023-01-17 21:00:00,UK
407,user_407,2023-01-17 22:00:00,UK
408,user_408,2023-01-17 23:00:00,UK
409,user_409,2023-01-18 00:00:00,Germany
410,user_410,2023-01-18 01:00:00,Canada
411,user_411,2023-01-18 02:00:00,Canada
412,user_412,2023-01-18 03:00:00,UK
413,user_413,2023-01-18 04:00:00,India
414,user_414,2023-01-18 05:00:00,India
415,user_415,2023-01-18 06:00:00,USA
416,user_416,2023-01-18 07:00:00,Canada
417,user_417,2023-01-18 08:00:00,USA
418,user_418,2023-01-18 09:00:00,Canada
419,user_419,2023-01-18 10:00:00,USA
420,user_420,2023-01-18 11:00:00,Germany
421,user_421,2023-01-18 12:00:00,India
422,user_422,2023-01-18 13:00:00,Canada
423,user_423,2023-01-18 14:00:00,Germany
424,user_424,2023-01-18 15:00:00,Germany
425,user_425,2023-01-18 16:00:00,India
426,user_426,2023-01-18 17:00:00,India
427,user_427,2023-01-18 18:00:00,Canada
428,user_428,2023-01-18 19:00:00,Germany
429,user_429,2023-01-18 20:00:00,USA
430,user_430,2023-01-18 21:00:00,India
431,user_431,2023-01-18 22:00:00,India
432,user_432,2023-01-18 23:00:00,UK
433,user_433,2023-01-19 00:00:00,Germany
434,user_434,2023-01-19 01:00:00,Germany
435,user_435,2023-01-19 02:00:00,USA
436,user_436,2023-01-19 03:00:00,India
437,user_437,2023-01-19 04:00:00,UK
438,user_438,2023-01-19 05:00:00,Germany
439,user_439,2023-01-19 06:00:00,UK
440,user_440,2023-01-19 07:00:00,UK
441,user_441,2023-01-19 08:00:00,USA
442,user_442,2023-01-19 09:00:00,Germany
443,user_443,2023-01-19 10:00:00,Germany
444,user_444,2023-01-19 11:00:00,Canada
445,user_445,2023-01-19 12:00:00,UK
446,user_446,2023-01-19 13:00:00,India
447,user_447,2023-01-19 14:00:00,India
448,user_448,2023-01-19 15:00:00,Germany
449,user_449,2023-01-19 16:00:00,UK
450,user_450,2023-01-19 17:00:00,USA
451,user_451,2023-01-19 18:00:00,USA
452,user_452,2023-01-19 19:00:00,USA
453,user_453,2023-01-19 20:00:00,India
454,user_454,2023-01-19 21:00:00,Canada
455,user_455,2023-01-19 22:00:00,UK
456,user_456,2023-01-19 23:00:00,UK
457,user_457,2023-01-20 00:00:00,UK
458,user_458,2023-01-20 01:00:00,Germany
459,user_459,2023-01-20 02:00:00,USA
460,user_460,2023-01-20 03:00:00,India
461,user_461,2023-01-20 04:00:00,Germany
462,user_462,2023-01-20 05:00:00,India
463,user_463,2023-01-20 06:00:00,USA
464,user_464,2023-01-20 07:00:00,Germany
465,user_465,2023-01-20 08:00:00,Canada
466,user_466,2023-01-20 09:00:00,India
467,user_467,2023-01-20 10:00:00,UK
468,user_468,2023-01-20 11:00:00,USA
469,user_469,2023-01-20 12:00:00,Germany
470,user_470,2023-01-20 13:00:00,USA
471,user_471,2023-01-20 14:00:00,UK
472,user_472,2023-01-20 15:00:00,Canada
473,user_473,2023-01-20 16:00:00,Germany
474,user_474,2023-01-20 17:00:00,Canada
475,user_475,2023-01-20 18:00:00,Canada
476,user_476,2023-01-20 19:00:00,Canada
477,user_477,2023-01-20 20:00:00,UK
478,user_478,2023-01-20 21:00:00,India
479,user_479,2023-01-20 22:00:00,India
480,user_480,2023-01-20 23:00:00,UK
481,user_481,2023-01-21 00:00:00,India
482,user_482,2023-01-21 01:00:00,Canada
483,user_483,2023-01-21 02:00:00,Canada
484,user_484,2023-01-21 03:00:00,Germany
485,user_485,2023-01-21 04:00:00,Canada
486,user_486,2023-01-21 05:00:00,Canada
487,user_487,2023-01-21 06:00:00,Canada
488,user_488,2023-01-21 07:00:00,India
489,user_489,2023-01-21 08:00:00,India
490,user_490,2023-01-21 09:00:00,Canada
491,user_491,2023-01-21 10:00:00,Canada
492,user_492,2023-01-21 11:00:00,USA
493,user_493,2023-01-21 12:00:00,USA
494,user_494,2023-01-21 13:00:00,Germany
495,user_495,2023-01-21 14:00:00,Germany
496,user_496,2023-01-21 15:00:00,Germany
497,user_497,2023-01-21 16:00:00,India
498,user_498,2023-01-21 17:00:00,Germany
499,user_499,2023-01-21 18:00:00,India
500,user_500,2023-01-21 19:00:00,India
501,user_501,2023-01-21 20:00:00,UK
502,user_502,2023-01-21 21:00:00,UK
503,user_503,2023-01-21 22:00:00,India
504,user_504,2023-01-21 23:00:00,UK
505,user_505,2023-01-22 00:00:00,UK
506,user_506,2023-01-22 01:00:00,India
507,user_507,2023-01-22 02:00:00,UK
508,user_508,2023-01-22 03:00:00,Canada
509,user_509,2023-01-22 04:00:00,Canada
510,user_510,2023-01-22 05:00:00,Canada
511,user_511,2023-01-22 06:00:00,UK
512,user_512,2023-01-22 07:00:00,USA
513,user_513,2023-01-22 08:00:00,UK
514,user_514,2023-01-22 09:00:00,Germany
515,user_515,2023-01-22 10:00:00,USA
516,user_516,2023-01-22 11:00:00,UK
517,user_517,2023-01-22 12:00:00,UK
518,user_518,2023-01-22 13:00:00,India
519,user_519,2023-01-22 14:00:00,India
520,user_520,2023-01-22 15:00:00,Germany
521,user_521,2023-01-22 16:00:00,UK
522,user_522,2023-01-22 17:00:00,Canada
523,user_523,2023-01-22 18:00:00,Germany
524,user_524,2023-01-22 19:00:00,Germany
525,user_525,2023-01-22 20:00:00,USA
526,user_526,2023-01-22 21:00:00,Canada
527,user_527,2023-01-22 22:00:00,UK
528,user_528,2023-01-22 23:00:00,USA
529,user_529,2023-01-23 00:00:00,Canada
530,user_530,2023-01-23 01:00:00,USA
531,user_531,2023-01-23 02:00:00,UK
532,user_532,2023-01-23 03:00:00,Germany
533,user_533,2023-01-23 04:00:00,India
534,user_534,2023-01-23 05:00:00,India
535,user_535,2023-01-23 06:00:00,UK
536,user_536,2023-01-23 07:00:00,UK
537,user_537,2023-01-23 08:00:00,India
538,user_538,2023-01-23 09:00:00,Canada
539,user_539,2023-01-23 10:00:00,India
540,user_540,2023-01-23 11:00:00,Germany
541,user_541,2023-01-23 12:00:00,Germany
542,user_542,2023-01-23 13:00:00,India
543,user_543,2023-01-23 14:00:00,UK
544,user_544,2023-01-23 15:00:00,India
545,user_545,2023-01-23 16:00:00,UK
546,user_546,2023-01-23 17:00:00,India
547,user_547,2023-01-23 18:00:00,UK
548,user_548,2023-01-23 19:00:00,UK
549,user_549,2023-01-23 20:00:00,Canada
550,user_550,2023-01-23 21:00:00,Germany
551,user_551,2023-01-23 22:00:00,India
552,user_552,2023-01-23 23:00:00,USA
553,user_553,2023-01-24 00:00:00,Canada
554,user_554,2023-01-24 01:00:00,USA
555,user_555,2023-01-24 02:00:00,USA
556,user_556,2023-01-24 03:00:00,Canada
557,user_557,2023-01-24 04:00:00,UK
558,user_558,2023-01-24 05:00:00,Canada
559,user_559,2023-01-24 06:00:00,Canada
560,user_560,2023-01-24 07:00:00,USA
561,user_561,2023-01-24 08:00:00,Canada
562,user_562,2023-01-24 09:00:00,Germany
563,user_563,2023-01-24 10:00:00,Canada
564,user_564,2023-01-24 11:00:00,USA
565,user_565,2023-01-24 12:00:00,Canada
566,user_566,2023-01-24 13:00:00,Germany
567,user_567,2023-01-24 14:00:00,Canada
568,user_568,2023-01-24 15:00:00,UK
569,user_569,2023-01-24 16:00:00,Germany
570,user_570,2023-01-24 17:00:00,USA
571,user_571,2023-01-24 18:00:00,Germany
572,user_572,2023-01-24 19:00:00,Canada
573,user_573,2023-01-24 20:00:00,India
574,user_574,2023-01-24 21:00:00,USA
575,user_575,2023-01-24 22:00:00,USA
576,user_576,2023-01-24 23:00:00,UK
577,user_577,2023-01-25 00:00:00,USA
578,user_578,2023-01-25 01:00:00,UK
579,user_579,2023-01-25 02:00:00,USA
580,user_580,2023-01-25 03:00:00,Canada
581,user_581,2023-01-25 04:00:00,India
582,user_582,2023-01-25 05:00:00,UK
583,user_583,2023-01-25 06:00:00,India
584,user_584,2023-01-25 07:00:00,India
585,user_585,2023-01-25 08:00:00,India
586,user_586,2023-01-25 09:00:00,Canada
587,user_587,2023-01-25 10:00:00,USA
588,user_588,2023-01-25 11:00:00,Canada
589,user_589,2023-01-25 12:00:00,India
590,user_590,2023-01-25 13:00:00,India
591,user_591,2023-01-25 14:00:00,India
592,user_592,2023-01-25 15:00:00,Canada
593,user_593,2023-01-25 16:00:00,Canada
594,user_594,2023-01-25 17:00:00,Germany
595,user_595,2023-01-25 18:00:00,UK
596,user_596,2023-01-25 19:00:00,India
597,user_597,2023-01-25 20:00:00,USA
598,user_598,2023-01-25 21:00:00,UK
599,user_599,2023-01-25 22:00:00,India
600,user_600,2023-01-25 23:00:00,UK
601,user_601,2023-01-26 00:00:00,Canada
602,user_602,2023-01-26 01:00:00,Germany
603,user_603,2023-01-26 02:00:00,Germany
604,user_604,2023-01-26 03:00:00,India
605,user_605,2023-01-26 04:00:00,Germany
606,user_606,2023-01-26 05:00:00,Germany
607,user_607,2023-01-26 06:00:00,Canada
608,user_608,2023-01-26 07:00:00,Germany
609,user_609,2023-01-26 08:00:00,India
610,user_610,2023-01-26 09:00:00,India
611,user_611,2023-01-26 10:00:00,Canada
612,user_612,2023-01-26 11:00:00,Canada
613,user_613,2023-01-26 12:00:00,Germany
614,user_614,2023-01-26 13:00:00,India
615,user_615,2023-01-26 14:00:00,USA
616,user_616,2023-01-26 15:00:00,UK
617,user_617,2023-01-26 16:00:00,UK
618,user_618,2023-01-26 17:00:00,USA
619,user_619,2023-01-26 18:00:00,UK
620,user_620,2023-01-26 19:00:00,USA
621,user_621,2023-01-26 20:00:00,India
622,user_622,2023-01-26 21:00:00,UK
623,user_623,2023-01-26 22:00:00,India
624,user_624,2023-01-26 23:00:00,UK
625,user_625,2023-01-27 00:00:00,Canada
626,user_626,2023-01-27 01:00:00,Canada
627,user_627,2023-01-27 02:00:00,USA
628,user_628,2023-01-27 03:00:00,UK
629,user_629,2023-01-27 04:00:00,Germany
630,user_630,2023-01-27 05:00:00,Germany
631,user_631,2023-01-27 06:00:00,India
632,user_632,2023-01-27 07:00:00,Canada
633,user_633,2023-01-27 08:00:00,UK
634,user_634,2023-01-27 09:00:00,India
635,user_635,2023-01-27 10:00:00,India
636,user_636,2023-01-27 11:00:00,Germany
637,user_637,2023-01-27 12:00:00,India
638,user_638,2023-01-27 13:00:00,USA
639,user_639,2023-01-27 14:00:00,USA
640,user_640,2023-01-27 15:00:00,USA
641,user_641,2023-01-27 16:00:00,UK
642,user_642,2023-01-27 17:00:00,USA
643,user_643,2023-01-27 18:00:00,India
644,user_644,2023-01-27 19:00:00,USA
645,user_645,2023-01-27 20:00:00,UK
646,user_646,2023-01-27 21:00:00,UK
647,user_647,2023-01-27 22:00:00,UK
648,user_648,2023-01-27 23:00:00,India
649,user_649,2023-01-28 00:00:00,USA
650,user_650,2023-01-28 01:00:00,UK
651,user_651,2023-01-28 02:00:00,Germany
652,user_652,2023-01-28 03:00:00,USA
653,user_653,2023-01-28 04:00:00,Germany
654,user_654,2023-01-28 05:00:00,USA
655,user_655,2023-01-28 06:00:00,Germany
656,user_656,2023-01-28 07:00:00,India
657,user_657,2023-01-28 08:00:00,Canada
658,user_658,2023-01-28 09:00:00,UK
659,user_659,2023-01-28 10:00:00,Germany
660,user_660,2023-01-28 11:00:00,UK
661,user_661,2023-01-28 12:00:00,Germany
662,user_662,2023-01-28 13:00:00,India
663,user_663,2023-01-28 14:00:00,UK
664,user_664,2023-01-28 15:00:00,India
665,user_665,2023-01-28 16:00:00,USA
666,user_666,2023-01-28 17:00:00,USA
667,user_667,2023-01-28 18:00:00,India
668,user_668,2023-01-28 19:00:00,India
669,user_669,2023-01-28 20:00:00,Germany
670,user_670,2023-01-28 21:00:00,UK
671,user_671,2023-01-28 22:00:00,Canada
672,user_672,2023-01-28 23:00:00,Canada
673,user_673,2023-01-29 00:00:00,Germany
674,user_674,2023-01-29 01:00:00,India
675,user_675,2023-01-29 02:00:00,Germany
676,user_676,2023-01-29 03:00:00,Canada
677,user_677,2023-01-29 04:00:00,Germany
678,user_678,2023-01-29 05:00:00,UK
679,user_679,2023-01-29 06:00:00,USA
680,user_680,2023-01-29 07:00:00,Germany
681,user_681,2023-01-29 08:00:00,Germany
682,user_682,2023-01-29 09:00:00,Canada
683,user_683,2023-01-29 10:00:00,India
684,user_684,2023-01-29 11:00:00,India
685,user_685,2023-01-29 12:00:00,Canada
686,user_686,2023-01-29 13:00:00,India
687,user_687,2023-01-29 14:00:00,UK
688,user_688,2023-01-29 15:00:00,Canada
689,user_689,2023-01-29 16:00:00,India
690,user_690,2023-01-29 17:00:00,Canada
691,user_691,2023-01-29 18:00:00,Canada
692,user_692,2023-01-29 19:00:00,USA
693,user_693,2023-01-29 20:00:00,UK
694,user_694,2023-01-29 21:00:00,Canada
695,user_695,2023-01-29 22:00:00,Germany
696,user_696,2023-01-29 23:00:00,India
697,user_697,2023-01-30 00:00:00,UK
698,user_698,2023-01-30 01:00:00,Canada
699,user_699,2023-01-30 02:00:00,USA
700,user_700,2023-01-30 03:00:00,USA
701,user_701,2023-01-30 04:00:00,Canada
702,user_702,2023-01-30 05:00:00,Germany
703,user_703,2023-01-30 06:00:00,USA
704,user_704,2023-01-30 07:00:00,Canada
705,user_705,2023-01-30 08:00:00,UK
706,user_706,2023-01-30 09:00:00,USA
707,user_707,2023-01-30 10:00:00,USA
708,user_708,2023-01-30 11:00:00,India
709,user_709,2023-01-30 12:00:00,India
710,user_710,2023-01-30 13:00:00,Canada
711,user_711,2023-01-30 14:00:00,India
712,user_712,2023-01-30 15:00:00,India
713,user_713,2023-01-30 16:00:00,USA
714,user_714,2023-01-30 17:00:00,Germany
715,user_715,2023-01-30 18:00:00,UK
716,user_716,2023-01-30 19:00:00,UK
717,user_717,2023-01-30 20:00:00,USA
718,user_718,2023-01-30 21:00:00,Germany
719,user_719,2023-01-30 22:00:00,Canada
720,user_720,2023-01-30 23:00:00,UK
721,user_721,2023-01-31 00:00:00,USA
722,user_722,2023-01-31 01:00:00,USA
723,user_723,2023-01-31 02:00:00,USA
724,user_724,2023-01-31 03:00:00,India
725,user_725,2023-01-31 04:00:00,India
726,user_726,2023-01-31 05:00:00,India
727,user_727,2023-01-31 06:00:00,USA
728,user_728,2023-01-31 07:00:00,UK
729,user_729,2023-01-31 08:00:00,Canada
730,user_730,2023-01-31 09:00:00,USA
731,user_731,2023-01-31 10:00:00,Germany
732,user_732,2023-01-31 11:00:00,UK
733,user_733,2023-01-31 12:00:00,Canada
734,user_734,2023-01-31 13:00:00,USA
735,user_735,2023-01-31 14:00:00,USA
736,user_736,2023-01-31 15:00:00,India
737,user_737,2023-01-31 16:00:00,UK
738,user_738,2023-01-31 17:00:00,UK
739,user_739,2023-01-31 18:00:00,Germany
740,user_740,2023-01-31 19:00:00,Canada
741,user_741,2023-01-31 20:00:00,Germany
742,user_742,2023-01-31 21:00:00,USA
743,user_743,2023-01-31 22:00:00,UK
744,user_744,2023-01-31 23:00:00,USA
745,user_745,2023-02-01 00:00:00,Germany
746,user_746,2023-02-01 01:00:00,USA
747,user_747,2023-02-01 02:00:00,Canada
748,user_748,2023-02-01 03:00:00,USA
749,user_749,2023-02-01 04:00:00,Canada
750,user_750,2023-02-01 05:00:00,Canada
751,user_751,2023-02-01 06:00:00,UK
752,user_752,2023-02-01 07:00:00,India
753,user_753,2023-02-01 08:00:00,India
754,user_754,2023-02-01 09:00:00,India
755,user_755,2023-02-01 10:00:00,India
756,user_756,2023-02-01 11:00:00,Germany
757,user_757,2023-02-01 12:00:00,USA
758,user_758,2023-02-01 13:00:00,UK
759,user_759,2023-02-01 14:00:00,Germany
760,user_760,2023-02-01 15:00:00,UK
761,user_761,2023-02-01 16:00:00,USA
762,user_762,2023-02-01 17:00:00,USA
763,user_763,2023-02-01 18:00:00,Germany
764,user_764,2023-02-01 19:00:00,USA
765,user_765,2023-02-01 20:00:00,Canada
766,user_766,2023-02-01 21:00:00,USA
767,user_767,2023-02-01 22:00:00,Germany
768,user_768,2023-02-01 23:00:00,Canada
769,user_769,2023-02-02 00:00:00,Germany
770,user_770,2023-02-02 01:00:00,India
771,user_771,2023-02-02 02:00:00,India
772,user_772,2023-02-02 03:00:00,USA
773,user_773,2023-02-02 04:00:00,India
774,user_774,2023-02-02 05:00:00,Germany
775,user_775,2023-02-02 06:00:00,Canada
776,user_776,2023-02-02 07:00:00,Canada
777,user_777,2023-02-02 08:00:00,UK
778,user_778,2023-02-02 09:00:00,USA
779,user_779,2023-02-02 10:00:00,UK
780,user_780,2023-02-02 11:00:00,Germany
781,user_781,2023-02-02 12:00:00,India
782,user_782,2023-02-02 13:00:00,USA
783,user_783,2023-02-02 14:00:00,Germany
784,user_784,2023-02-02 15:00:00,India
785,user_785,2023-02-02 16:00:00,Canada
786,user_786,2023-02-02 17:00:00,India
787,user_787,2023-02-02 18:00:00,India
788,user_788,2023-02-02 19:00:00,UK
789,user_789,2023-02-02 20:00:00,Germany
790,user_790,2023-02-02 21:00:00,Canada
791,user_791,2023-02-02 22:00:00,Germany
792,user_792,2023-02-02 23:00:00,India
793,user_793,2023-02-03 00:00:00,UK
794,user_794,2023-02-03 01:00:00,UK
795,user_795,2023-02-03 02:00:00,Germany
796,user_796,2023-02-03 03:00:00,USA
797,user_797,2023-02-03 04:00:00,USA
798,user_798,2023-02-03 05:00:00,UK
799,user_799,2023-02-03 06:00:00,India
800,user_800,2023-02-03 07:00:00,Germany
801,user_801,2023-02-03 08:00:00,India
802,user_802,2023-02-03 09:00:00,Canada
803,user_803,2023-02-03 10:00:00,USA
804,user_804,2023-02-03 11:00:00,UK
805,user_805,2023-02-03 12:00:00,UK
806,user_806,2023-02-03 13:00:00,Germany
807,user_807,2023-02-03 14:00:00,Germany
808,user_808,2023-02-03 15:00:00,Germany
809,user_809,2023-02-03 16:00:00,UK
810,user_810,2023-02-03 17:00:00,USA
811,user_811,2023-02-03 18:00:00,USA
812,user_812,2023-02-03 19:00:00,Canada
813,user_813,2023-02-03 20:00:00,UK
814,user_814,2023-02-03 21:00:00,UK
815,user_815,2023-02-03 22:00:00,UK
816,user_816,2023-02-03 23:00:00,Germany
817,user_817,2023-02-04 00:00:00,Germany
818,user_818,2023-02-04 01:00:00,India
819,user_819,2023-02-04 02:00:00,Canada
820,user_820,2023-02-04 03:00:00,Germany
821,user_821,2023-02-04 04:00:00,India
822,user_822,2023-02-04 05:00:00,Canada
823,user_823,2023-02-04 06:00:00,Canada
824,user_824,2023-02-04 07:00:00,Germany
825,user_825,2023-02-04 08:00:00,India
826,user_826,2023-02-04 09:00:00,India
827,user_827,2023-02-04 10:00:00,Germany
828,user_828,2023-02-04 11:00:00,Germany
829,user_829,2023-02-04 12:00:00,UK
830,user_830,2023-02-04 13:00:00,India
831,user_831,2023-02-04 14:00:00,India
832,user_832,2023-02-04 15:00:00,USA
833,user_833,2023-02-04 16:00:00,India
834,user_834,2023-02-04 17:00:00,India
835,user_835,2023-02-04 18:00:00,Germany
836,user_836,2023-02-04 19:00:00,Canada
837,user_837,2023-02-04 20:00:00,Canada
838,user_838,2023-02-04 21:00:00,Canada
839,user_839,2023-02-04 22:00:00,India
840,user_840,2023-02-04 23:00:00,India
841,user_841,2023-02-05 00:00:00,Canada
842,user_842,2023-02-05 01:00:00,UK
843,user_843,2023-02-05 02:00:00,Canada
844,user_844,2023-02-05 03:00:00,Canada
845,user_845,2023-02-05 04:00:00,UK
846,user_846,2023-02-05 05:00:00,USA
847,user_847,2023-02-05 06:00:00,UK
848,user_848,2023-02-05 07:00:00,Canada
849,user_849,2023-02-05 08:00:00,Germany
850,user_850,2023-02-05 09:00:00,Canada
851,user_851,2023-02-05 10:00:00,Germany
852,user_852,2023-02-05 11:00:00,Germany
853,user_853,2023-02-05 12:00:00,USA
854,user_854,2023-02-05 13:00:00,India
855,user_855,2023-02-05 14:00:00,Germany
856,user_856,2023-02-05 15:00:00,India
857,user_857,2023-02-05 16:00:00,Canada
858,user_858,2023-02-05 17:00:00,India
859,user_859,2023-02-05 18:00:00,India
860,user_860,2023-02-05 19:00:00,Germany
861,user_861,2023-02-05 20:00:00,India
862,user_862,2023-02-05 21:00:00,UK
863,user_863,2023-02-05 22:00:00,UK
864,user_864,2023-02-05 23:00:00,Germany
865,user_865,2023-02-06 00:00:00,USA
866,user_866,2023-02-06 01:00:00,UK
867,user_867,2023-02-06 02:00:00,India
868,user_868,2023-02-06 03:00:00,Germany
869,user_869,2023-02-06 04:00:00,USA
870,user_870,2023-02-06 05:00:00,Germany
871,user_871,2023-02-06 06:00:00,Canada
872,user_872,2023-02-06 07:00:00,Germany
873,user_873,2023-02-06 08:00:00,USA
874,user_874,2023-02-06 09:00:00,Germany
875,user_875,2023-02-06 10:00:00,UK
876,user_876,2023-02-06 11:00:00,Germany
877,user_877,2023-02-06 12:00:00,Germany
878,user_878,2023-02-06 13:00:00,Canada
879,user_879,2023-02-06 14:00:00,USA
880,user_880,2023-02-06 15:00:00,UK
881,user_881,2023-02-06 16:00:00,Germany
882,user_882,2023-02-06 17:00:00,USA
883,user_883,2023-02-06 18:00:00,UK
884,user_884,2023-02-06 19:00:00,Germany
885,user_885,2023-02-06 20:00:00,USA
886,user_886,2023-02-06 21:00:00,UK
887,user_887,2023-02-06 22:00:00,Germany
888,user_888,2023-02-06 23:00:00,UK
889,user_889,2023-02-07 00:00:00,Canada
890,user_890,2023-02-07 01:00:00,UK
891,user_891,2023-02-07 02:00:00,India
892,user_892,2023-02-07 03:00:00,UK
893,user_893,2023-02-07 04:00:00,UK
894,user_894,2023-02-07 05:00:00,UK
895,user_895,2023-02-07 06:00:00,Canada
896,user_896,2023-02-07 07:00:00,USA
897,user_897,2023-02-07 08:00:00,Germany
898,user_898,2023-02-07 09:00:00,Canada
899,user_899,2023-02-07 10:00:00,Canada
900,user_900,2023-02-07 11:00:00,USA
901,user_901,2023-02-07 12:00:00,Canada
902,user_902,2023-02-07 13:00:00,Canada
903,user_903,2023-02-07 14:00:00,UK
904,user_904,2023-02-07 15:00:00,India
905,user_905,2023-02-07 16:00:00,India
906,user_906,2023-02-07 17:00:00,USA
907,user_907,2023-02-07 18:00:00,Germany
908,user_908,2023-02-07 19:00:00,UK
909,user_909,2023-02-07 20:00:00,USA
910,user_910,2023-02-07 21:00:00,UK
911,user_911,2023-02-07 22:00:00,India
912,user_912,2023-02-07 23:00:00,Germany
913,user_913,2023-02-08 00:00:00,Canada
914,user_914,2023-02-08 01:00:00,Germany
915,user_915,2023-02-08 02:00:00,USA
916,user_916,2023-02-08 03:00:00,India
917,user_917,2023-02-08 04:00:00,Canada
918,user_918,2023-02-08 05:00:00,USA
919,user_919,2023-02-08 06:00:00,Canada
920,user_920,2023-02-08 07:00:00,Canada
921,user_921,2023-02-08 08:00:00,Canada
922,user_922,2023-02-08 09:00:00,India
923,user_923,2023-02-08 10:00:00,UK
924,user_924,2023-02-08 11:00:00,India
925,user_925,2023-02-08 12:00:00,UK
926,user_926,2023-02-08 13:00:00,India
927,user_927,2023-02-08 14:00:00,Canada
928,user_928,2023-02-08 15:00:00,Canada
929,user_929,2023-02-08 16:00:00,India
930,user_930,2023-02-08 17:00:00,USA
931,user_931,2023-02-08 18:00:00,Germany
932,user_932,2023-02-08 19:00:00,UK
933,user_933,2023-02-08 20:00:00,Germany
934,user_934,2023-02-08 21:00:00,USA
935,user_935,2023-02-08 22:00:00,Germany
936,user_936,2023-02-08 23:00:00,India
937,user_937,2023-02-09 00:00:00,India
938,user_938,2023-02-09 01:00:00,India
939,user_939,2023-02-09 02:00:00,UK
940,user_940,2023-02-09 03:00:00,USA
941,user_941,2023-02-09 04:00:00,Canada
942,user_942,2023-02-09 05:00:00,USA
943,user_943,2023-02-09 06:00:00,Germany
944,user_944,2023-02-09 07:00:00,Germany
945,user_945,2023-02-09 08:00:00,Canada
946,user_946,2023-02-09 09:00:00,Germany
947,user_947,2023-02-09 10:00:00,Germany
948,user_948,2023-02-09 11:00:00,Canada
949,user_949,2023-02-09 12:00:00,India
950,user_950,2023-02-09 13:00:00,India
951,user_951,2023-02-09 14:00:00,UK
952,user_952,2023-02-09 15:00:00,USA
953,user_953,2023-02-09 16:00:00,India
954,user_954,2023-02-09 17:00:00,USA
955,user_955,2023-02-09 18:00:00,India
956,user_956,2023-02-09 19:00:00,USA
957,user_957,2023-02-09 20:00:00,Canada
958,user_958,2023-02-09 21:00:00,India
959,user_959,2023-02-09 22:00:00,USA
960,user_960,2023-02-09 23:00:00,Germany
961,user_961,2023-02-10 00:00:00,USA
962,user_962,2023-02-10 01:00:00,Germany
963,user_963,2023-02-10 02:00:00,UK
964,user_964,2023-02-10 03:00:00,India
965,user_965,2023-02-10 04:00:00,India
966,user_966,2023-02-10 05:00:00,Canada
967,user_967,2023-02-10 06:00:00,UK
968,user_968,2023-02-10 07:00:00,Germany
969,user_969,2023-02-10 08:00:00,Canada
970,user_970,2023-02-10 09:00:00,Germany
971,user_971,2023-02-10 10:00:00,Canada
972,user_972,2023-02-10 11:00:00,Germany
973,user_973,2023-02-10 12:00:00,India
974,user_974,2023-02-10 13:00:00,Germany
975,user_975,2023-02-10 14:00:00,USA
976,user_976,2023-02-10 15:00:00,Germany
977,user_977,2023-02-10 16:00:00,USA
978,user_978,2023-02-10 17:00:00,Germany
979,user_979,2023-02-10 18:00:00,USA
980,user_980,2023-02-10 19:00:00,UK
981,user_981,2023-02-10 20:00:00,USA
982,user_982,2023-02-10 21:00:00,UK
983,user_983,2023-02-10 22:00:00,USA
984,user_984,2023-02-10 23:00:00,India
985,user_985,2023-02-11 00:00:00,Canada
986,user_986,2023-02-11 01:00:00,USA
987,user_987,2023-02-11 02:00:00,Germany
988,user_988,2023-02-11 03:00:00,Canada
989,user_989,2023-02-11 04:00:00,UK
990,user_990,2023-02-11 05:00:00,Germany
991,user_991,2023-02-11 06:00:00,UK
992,user_992,2023-02-11 07:00:00,Germany
993,user_993,2023-02-11 08:00:00,Germany
994,user_994,2023-02-11 09:00:00,USA
995,user_995,2023-02-11 10:00:00,Canada
996,user_996,2023-02-11 11:00:00,USA
997,user_997,2023-02-11 12:00:00,Canada
998,user_998,2023-02-11 13:00:00,UK
999,user_999,2023-02-11 14:00:00,UK
1000,user_1000,2023-02-11 15:00:00,India
